new SMILES,Label
CC(C)NC[C@H](O)c1ccc(O)c(O)c1,0
CCCN(CCC)S(=O)(=O)c1ccc(C(=O)O)cc1,1
CCOC(=O)O[C@]1(C(=O)OCCl)CCC2C3CCC4=CC(=O)C=C[C@]4(C)C3C(O)C[C@@]21C,0
COC(=O)c1ccccc1O,0
Cc1ccccc1OC[C@H](O)CO,0
Cc1cccc(C)c1OC[C@H](C)N,1
CC[N+](CC)(CC)CCOc1cccc(OCC[N+](CC)(CC)CC)c1OCC[N+](CC)(CC)CC,0
O=C(O)[C@H](O)c1ccccc1,0
C/N=C(\NC)NCc1ccccc1,0
CC1CC2C3C(Cl)CC4=CC(=O)C=C[C@]4(C)C3C(O)C[C@]2(C)[C@@]1(O)C(=O)CO,0
CC(=O)N(C[C@H](O)CO)c1c(I)c(C(=O)NCCO)c(I)c(C(=O)NC[C@H](O)CO)c1I,0
Oc1ccccc1,1
CCCCOCCOC(=O)c1cccnc1,0
COc1ccccc1O,0
CNC[C@H](O)c1ccc(O)c(O)c1,0
O=C(OCCO)c1ccccc1O,0
O=C(NCCO[N+](=O)[O-])c1cccnc1,0
COc1ccc(OC)c([C@H](O)CNC(=O)CN)c1,0
NC(=O)OCC(COC(N)=O)c1ccccc1,1
CCN(CC)c1ccc(N)cc1,1
COc1ccccc1NC(=O)/C(N=O)=C(/C)O,0
CCOC(=O)/C=C/c1ccc(O)c(OC)c1,0
Oc1cccc(O)c1,0
CNCCc1ccccn1,0
NNC(=O)c1ccncc1,1
CC1CC2C3CCC4=CC(=O)C=C[C@]4(C)[C@@]3(F)C(O)C[C@]2(C)[C@@]1(O)C(=O)COP(=O)(O)O,0
C[C@H](N)[C@H](O)c1cccc(O)c1,0
C[C@]12C=CC(=O)C=C1CCC1C2C(O)C[C@@]2(C)C1CC[C@]2(O)C(=O)OCCl,0
COc1cc2cc(C(=O)N3C[C@H]4C[C@@]45C3=CC(=O)c3[nH]c(C)c(C(=O)OCCBr)c35)[nH]c2c(OC)c1OC,1
COc1cc(CNC(=O)CCCC/C=C\C(C)C)ccc1O,0
CC(C)N[C@H](C)Cc1ccc(I)cc1,0
CCCCNc1ccc(C(=O)OCCOCCOCCOCCOCCOCCOCCOCCOCCOC)cc1,0
COc1cc2cc(C(=O)N3C[C@H]4C[C@@]45C3=CC(=O)c3[nH]c(C)c(CO)c35)[nH]c2c(OC)c1OC,1
Cc1ccc(C(C)C)c(O)c1,0
N[C@H](C(=O)O)[C@H](O)c1ccc(O)c(O)c1,0
CCCCCCCCCCCCCCCC[N+](C)(C)Cc1ccccc1,0
OCCOc1ccccc1,0
CCCCCCCN(CC)CCC[C@H](O)c1ccc(NS(C)(=O)=O)cc1,0
Nc1ccncc1,0
CNC(=O)c1c(I)c(NC(C)=O)c(I)c(C(=O)O)c1I,0
CN(C(=O)CO)c1c(I)c(C(=O)NC[C@H](O)CO)c(I)c(C(=O)NC[C@H](O)CO)c1I,0
CN(C)CCN1C(=O)c2cccc3cccc(c23)C1=O,1
CCCC(=O)O[C@]1(C(=O)COC(C)=O)CCC2C3CC(F)C4=CC(=O)C=C[C@]4(C)[C@@]3(F)C(O)C[C@@]21C,0
CN[C@H](C)Cc1ccccc1OC,0
CCCC(=O)O[C@]1(C(=O)CO)CCC2C3CCC4=CC(=O)CC[C@]4(C)C3C(O)C[C@@]21C,0
CCC(=O)O[C@]1(C(=O)CO)CCC2C3CCC4=CC(=O)CC[C@]4(C)C3CC[C@@]21C,0
CC(=O)N(C[C@H](C)C(=O)O)c1c(I)cc(I)c(N)c1I,0
CC[N+](C)(C)c1cccc(O)c1,0
NC(=O)OC[C@H](N)Cc1ccccc1,0
O=C/C=C/c1ccccc1,0
N#Cc1cc(NC(=O)C(=O)O)c(Cl)c(NC(=O)C(=O)O)c1,0
O=[N+]([O-])c1cc([N+](=O)[O-])c(S(=O)(=O)[O-])c([N+](=O)[O-])c1,1
CC(=O)C1CCC2C3CC(C)C4=CC(=O)CC[C@]4(C)C3C(O)C[C@]12C,0
NC(=O)c1ccccc1O,0
CN(C)CCN1C(=O)c2cccc3cc(NC(=O)NCCCl)cc(c23)C1=O,1
OCc1ccccc1,0
CC(=O)Oc1ccccc1C(=O)O,1
CCCCCCCCCCCC[N+](C)(C)Cc1ccccc1,0
CCCC[C@@H](CC)COC(=O)c1ccc(N(C)C)cc1,0
CC(=O)Nc1ccc(O)cc1,1
CC(=O)Oc1cc(C(C)C)c(OCCN(C)C)cc1C,0
O=C(O)Cc1ccccc1,0
CC(=O)Nc1c(I)c(C(=O)O)c(I)c(N(C)C(C)=O)c1I,0
CN(C)C(=O)Oc1cccc([N+](C)(C)C)c1,0
CC1CC2C3CC(F)C4=CC(=O)C=C[C@]4(C)[C@@]3(Cl)C(O)C[C@]2(C)C1C(=O)CO,0
CC(C)(C)NC[C@H](O)c1cc(Cl)c(N)c(Cl)c1,0
CCC(=O)OCC(=O)[C@@]1(OC(=O)CC)C(C)CC2C3CCC4=CC(=O)C=C[C@]4(C)[C@@]3(Cl)C(O)C[C@@]21C,0
CC1CC2C(C(O)C[C@@]3(C)C2CC[C@]3(O)C(=O)COC(=O)CCC(=O)O)[C@@]2(C)C=CC(=O)C=C12,0
CC(C)NC[C@H](O)c1cc(O)cc(O)c1,0
C[C@]12C=CC(=O)C=C1CCC1C3CC(O)[C@](O)(C(=O)CO)[C@@]3(C)CC(O)[C@@]12F,0
CCCCCC(=O)O[C@]1(C(C)=O)CCC2C3CCC4=CC(=O)CCC4C3CC[C@@]21C,0
CC(=O)Nc1ccccc1,1
CC(=O)OCC(=O)[C@@]1(O)C(C)CC2C3CCC4=CC(=O)C=C[C@]4(C)[C@@]3(F)C(O)C[C@@]21C,0
CCCN[C@@H](C)C(=O)Nc1ccccc1C,0
CC1CC2C3CCC4=CC(=O)C=C[C@]4(C)[C@@]3(F)C(O)C[C@]2(C)[C@@]1(O)C(=O)CCl,0
O=S(=O)([O-])c1ccc(O)cc1,0
COCCO[C@H](C)C/N=C(\O)c1ccccc1OCC(=O)[O-],0
CCCC(=O)O[C@]1(C(=O)COC(=O)CC)CCC2C3CCC4=CC(=O)CC[C@]4(C)C3C(O)C[C@@]21C,0
Clc1ccc([C@@H](c2ccccc2Cl)C(Cl)Cl)cc1,1
C[C@]12CCC(=O)C=C1CCC1C2C(O)C[C@@]2(C)C1CC[C@]2(O)C(=O)CO,0
O=C(O)CNC(=O)CNC(=O)CNC(=O)CSC(=O)c1ccccc1,0
CC(C)(C)NC[C@H](O)c1ccc(O)c(CO)n1,0
CCCCCCCCCCCCCCCC(=O)OC[C@@H](NC(=O)C(Cl)Cl)[C@H](O)c1ccc([N+](=O)[O-])cc1,0
CCN(CC)CC(=O)OCC(=O)[C@@]1(O)CCC2C3CCC4=CC(=O)CC[C@]4(C)C3C(O)C[C@@]21C,0
COc1cc2cc(C(=O)N3C[C@H]4C[C@@]45C3=CC(=O)c3[nH]c(C)c(Cl)c35)[nH]c2c(OC)c1OC,1
NNCCc1ccccc1,0
COc1cc2cc(C(=O)N3C[C@H]4C[C@@]45C3=CC(=O)c3[nH]c(C)c(C(=O)O)c35)[nH]c2c(OC)c1OC,1
Nc1ccc(O)c(C(=O)O)c1,1
O=C(O)CCC(=O)OC[C@@H](NC(=O)C(Cl)Cl)[C@H](O)c1ccc([N+](=O)[O-])cc1,0
NCCc1ccc(O)c(O)c1,0
CCC(=O)C(C[C@H](C)N(C)C)(c1ccccc1)c1ccccc1,0
CNC(C)(C)Cc1ccccc1,0
CCCCC(=O)O[C@]1(C(=O)CO)CCC2C3CCC4=CC(=O)CC[C@]4(C)C3C(O)C[C@@]21C,0
COc1ccccc1OC[C@H](O)CO,0
CC[C@@H](c1cccc(O)c1)[C@@H](C)CN(C)C,0
COC(=O)c1c(C)[nH]c2c1[C@@]13C[C@@H]1CN(C(=O)c1cc4cc(OC)c(OC)c(OC)c4[nH]1)C3=CC2=O,1
CC[N+](C)(C)Cc1ccccc1Br,0
CN(C)CCN1C(=O)c2cccc3cc(NC=O)cc(c23)C1=O,1
CC(C)c1cccc(C(C)C)c1O,0
CN[C@H](C)Cc1ccccc1,0
C[C@@](N)(Cc1ccc(O)c(O)c1)C(=O)O,1
C[C@@H](c1ccccc1)c1ccc(O)cc1O,0
CCC(=O)O[C@]1(C(=O)SCF)C(C)CC2C3CC(F)C4=CC(=O)C=C[C@]4(C)[C@@]3(F)C(O)C[C@@]21C,0
N=C(N)NCc1cccc(I)c1,0
CCCC(=O)c1c(C)[nH]c2c1[C@@]13C[C@@H]1CN(C(=O)c1cc4cc(OC)c(OC)c(OC)c4[nH]1)C3=CC2=O,1
NC[C@H](CC(=O)O)c1ccc(Cl)cc1,0
NC(=O)c1cccnc1,0
O=C([O-])CNC(=O)c1ccccc1I,0
CCN(CC)CCNC(=O)c1ccc(N)cc1,1
CCOCCOC(=O)/C=C/c1ccc(OC)cc1,0
COCCc1ccc(OC[C@H](O)CNC(C)C)cc1,1
CC(C)[N+](C)(CCC(C(N)=O)(c1ccccc1)c1ccccc1)C(C)C,0
COc1cc2cc(C(=O)N3C[C@H]4C[C@@]45C3=CC(=O)c3[nH]c(C)c(I)c35)[nH]c2c(OC)c1OC,1
CCCCCCc1ccc(O)cc1O,0
Cc1cc(C)c(NC(=O)CN(CC(=O)O)CC(=O)O)c(C)c1Br,0
C[C@]12C=CC(=O)C=C1CCC1C2C(O)C[C@@]2(C)C1CC[C@]2(O)C(=O)COP(=O)(O)O,0
C#CCN(C)Cc1ccccc1,0
C[C@]12CCC(=O)C=C1CCC1C2C(O)C[C@@]2(C)C1CC[C@]2(O)C(=O)COP(=O)(O)O,0
CCOC(=O)O[C@]1(C(=O)COC(=O)CC)CCC2C3CCC4=CC(=O)C=C[C@]4(C)C3C(O)C[C@@]21C,0
CC(=O)OCC(=O)C1CCC2C3CCC4=CC(=O)CC[C@]4(C)C3CC[C@]12C,0
C[C@]12C=CC(=O)C=C1C(F)CC1C2C(O)C[C@@]2(C)C1CC[C@]2(O)C(=O)CO,0
CCN(CC)[C@H](C)C(=O)c1ccccc1,1
Nc1ccc(N)cc1,0
C[C@@H](Cc1ccccc1)NC(=O)[C@@H](N)CCCCN,0
CN(C)CCO[C@H](c1ccccc1)c1ccc(Br)cc1,0
C=CCOc1ccccc1OC[C@@H](O)CNC(C)C,0
CC(=O)Nc1cc2c3c(cccc3c1)C(=O)N(CCN(C)C)C2=O,1
CC(C)C(=O)Oc1ccc(CO)cc1[C@H](CCN(C(C)C)C(C)C)c1ccccc1,0
CCC(=O)O[C@]1(C(=O)CCl)C(C)CC2C3CCC4=CC(=O)C=C[C@]4(C)[C@@]3(F)C(O)C[C@@]21C,0
COc1cc(CNC(=O)CCCC/C=C/C(C)C)ccc1O,0
CCCc1cc(C(N)=S)ccn1,0
CC[C@H](OC(C)=O)C(C[C@H](C)N(C)C)(c1ccccc1)c1ccccc1,0
CC(C)NC[C@H](O)COc1ccc(CC(N)=O)cc1,1
CCN(C)[C@@H](C)[C@H](O)c1ccccc1,0
CCCCOc1cc(C(=O)OCCN(CC)CC)ccc1N,0
O=P(O)(O)C(Sc1ccc(Cl)cc1)P(=O)(O)O,0
CCN(CC)C(=O)c1cccc(C)c1,0
CC(=O)N[C@@H](Cc1ccc(O)cc1)C(=O)O,0
CC(C)C(=O)Nc1ccc([N+](=O)[O-])c(C(F)(F)F)c1,1
CN(C)CCN1C(=O)c2cccc3cc(NC(=O)CCCCl)cc(c23)C1=O,1
COc1cc2cc(C(=O)N3C[C@H]4C[C@@]45C3=CC(=O)c3[nH]c(C)c(Br)c35)[nH]c2c(OC)c1OC,1
Cc1ccc(O)c([C@H](CCN(C(C)C)C(C)C)c2ccccc2)c1,0
CCCCOC(=O)c1ccc(O)cc1,0
O=C([O-])c1ccccn1,0
CCOc1ccc(C[C@@H](CN(CCN(CC(=O)[O-])CC(=O)[O-])CC(=O)[O-])N(CC(=O)O)CC(=O)O)cc1,0
CN(C)CCN1C(=O)c2cccc3cc(NC(=O)C(Cl)(Cl)Cl)cc(c23)C1=O,1
C/C=C/c1ccc(O)c(OC)c1,0
CCCOC(=O)c1ccc(O)cc1,0
CN(C)CCN1C(=O)c2cccc3cc([N+](=O)[O-])cc(c23)C1=O,1
COc1ccc(O)cc1,0
N[C@@H](Cc1ccc(N(CCCl)CCCl)cc1)C(=O)O,1
C[C@H](N)[C@H](O)c1ccc(O)c(O)c1,0
COc1c(O)c(C)c(C/C=C(\C)CC/C=C(\C)CC/C=C(\C)CC/C=C(\C)CC/C=C(\C)CC/C=C(\C)CC/C=C(\C)CC/C=C(\C)CC/C=C(\C)CCC=C(C)C)c(O)c1OC,0
CC(C)(C)NC[C@H](O)c1cc(O)cc(O)c1,0
CCCNC(=O)c1c(C)[nH]c2c1[C@@]13C[C@@H]1CN(C(=O)c1cc4cc(OC)c(OC)c(OC)c4[nH]1)C3=CC2=O,1
N[C@@H](Cc1cc(O)c(O)cc1F)C(=O)O,0
C[C@@H]([C@H](O)c1ccccc1)N(C)C,0
CCN(CC)C(=O)/C(C#N)=C/c1cc(O)c(O)c([N+](=O)[O-])c1,1
CCCCNc1ccc(C(=O)OCCN(C)C)cc1,0
O=C(CCCCCCC(=O)Nc1ccccc1)NO,1
Cc1cccc(C)c1NC(=O)[C@H](C)N,1
COC(=O)Nc1cc2c3c(cccc3c1)C(=O)N(CCN(C)C)C2=O,1
C[C@H](NC(C)(C)C)C(=O)c1cccc(Cl)c1,1
CCCOc1ccc(C(=O)OCCN(CC)CC)cc1N,0
OCc1ccc(Cl)cc1Cl,0
CC(=O)N(C[C@H](O)CO)c1c(I)c(C(=O)NC[C@H](O)CO)c(I)c(C(=O)NC[C@H](O)CO)c1I,0
C=CCc1ccc(O)c(OC)c1,0
CC(=O)Oc1cc(C(F)(F)F)ccc1C(=O)O,0
COc1cc2cc(C(=O)N3C[C@H]4C[C@@]45C3=CC(=O)c3[nH]c(C)c(C=O)c35)[nH]c2c(OC)c1OC,1
N=C(N)NC(=O)Cc1c(Cl)cccc1Cl,0
COc1ccc(/C=C/C(=O)OCCC(C)C)cc1,0
CC(=O)OCC(=O)[C@@]1(O)CCC2C3CCC4=CC(=O)C=C[C@]4(C)C3C(O)C[C@@]21C,0
Nc1ccc(C(=O)NCC(=O)O)cc1,0
CCc1cc(C(N)=S)ccn1,0
CN(C)CCN1C(=O)c2cccc3cc(N)cc(c23)C1=O,1
CC(=O)Oc1cccc(O)c1,0
C#C[C@]1(O)CCC2C3CCC4=CC(=O)CCC4C3CC[C@@]21C,0
NCC1(CC(=O)O)CCCCC1,1
CC1CCC(NC(=O)N(CCCl)N=O)CC1,1
C=CC1=C(C(=O)O)N2C(=O)[C@@H](NC(=O)/C(=N\OCC(=O)O)c3csc(N)n3)[C@H]2SC1,0
C[C@]12CCC3c4ccc(O)cc4CCC3C1CC(F)C2O,0
C#C[C@]1(O)CCC2C3CCc4cc(OC)ccc4C3CC[C@@]21C,0
CC(C)[C@@H]1CC[C@@H](C)C[C@H]1O,0
O=NN(CCCl)C(=O)NC1CCCCC1,1
CO/N=C(\C(=O)N[C@@H]1C(=O)N2C(C(=O)O)=CCS[C@H]12)c1csc(N)n1,1
CO/N=C(/C(=O)N[C@@H]1C(=O)N2C(C(=O)[O-])=C(COC(C)=O)CS[C@H]12)c1csc(N)n1,1
C[C@]12CCC3c4ccc(O)cc4CCC3C1CC(O)C2O,0
CCCCC(=O)OC1CCC2C3CCc4cc(O)ccc4C3CC[C@]12C,0
COc1ccc2cccc(CCNC(C)=O)c2c1,0
COc1cc(N[C@H](C)CCCN2C(=O)CN(C(=O)[C@H](N)CCSC)C2(C)C)c2ncccc2c1,1
[O-]c1cccc2cccnc12,0
CCS(=O)(=O)CCn1c([N+](=O)[O-])cnc1C,1
COc1ccc2cc([C@H](C)C(=O)O)ccc2c1,1
Cc1ncc([N+](=O)[O-])n1C[C@H](C)O,0
COc1cc(N[C@@H](C)CCCN2C(=O)CN(C(=O)[C@@H](N)C(C)C)C2(C)C)c2ncccc2c1,1
CC[C@H](C)[C@H](N)C(=O)N1CC(=O)N(CCC[C@H](C)Nc2cc(OC)cc3cccnc23)C1(C)C,1
Cc1cc(Br)c(O)c2ncccc12,0
CC(C)NC[C@H](O)COc1cccc2ccccc12,1
O=P(O)(O)C(O)(Cn1ccnc1)P(=O)(O)O,1
CN(N=O)C(=O)N[C@@H]1[C@H](O)[C@H](O)[C@H](CO)O[C@@H]1O,1
N[C@@H]1[C@@H](O)[C@H](O)[C@@H](CO)O[C@H]1O,0
COc1ccc2cc(CCC(C)=O)ccc2c1,1
CCN(CCO)CCC[C@H](C)Nc1ccnc2cc(Cl)ccc12,1
COc1cc(N[C@@H](C)CCCN2C(=O)CN(C(=O)CN)C2(C)C)c2ncccc2c1,1
Cc1ccc2c(Cl)cc(Cl)c(O)c2n1,0
Oc1c(I)cc(I)c2cccnc12,1
CN(C)C(=O)Oc1ccc[n+](C)c1,0
N[C@@H](Cc1cc(I)c(Oc2cc(I)c(O)c(I)c2)c(I)c1)C(=O)O,0
O=c1[nH]c(=O)n([C@@H]2C[C@@H](O)[C@@H](CO)O2)cc1OO,1
Cc1ccc(Cl)c(Nc2ccccc2C(=O)O)c1Cl,0
NC(=O)Cc1cccc(C(=O)c2ccccc2)c1N,0
O=C(O)c1ccccc1Nc1cccc(C(F)(F)F)c1,0
C=C1CCC(O)C/C1=C/C=C1\CCC[C@@]2(C)C1CCC2C(C)/C=C/C(C)C(C)C,0
CN1C(=O)CN=C(c2ccccc2)c2cc(Cl)ccc21,1
O=C1Nc2ccc(Cl)cc2C(c2ccccc2Cl)=N[C@H]1O,1
C[n+]1ccccc1/C=N/O,0
Oc1cc(Cl)ccc1Oc1ccc(Cl)cc1Cl,0
Cc1cn([C@@H]2CC[C@H](CO[P@](=O)(O)O[P@](=O)(O)OP(=O)(O)O)O2)c(=O)[nH]c1=O,1
CC(C)(Oc1ccc(C(=O)c2ccc(Cl)cc2)cc1)C(=O)O,1
CN(C)CCCN1c2ccccc2Sc2ccc(C(F)(F)F)cc21,0
CCCCCCCCCCCCCCCC[n+]1ccccc1,0
O=C(O)COC(=O)Cc1ccccc1Nc1c(Cl)cccc1Cl,0
C=C1CCC(O)C/C1=C/C=C1\CCC[C@@]2(C)C1CCC2C(C)CCCC(C)C,0
C[C@H](CN1c2ccccc2Sc2ccc(S(=O)(=O)N(C)C)cc21)N(C)C,0
C=C1/C(=C\C=C2/CCC[C@@]3(C)C2CCC3C(C)CCCC(C)C)CC(O)CC1O,0
Cc1cn([C@@H]2C[C@H](N=[N+]=[N-])[C@H](CO)O2)c(=O)[nH]c1=O,1
CCN(CC)[C@H](C)CN1c2ccccc2Sc2ccccc21,0
COc1ccc2c(c1)N(C[C@H](C)CN(C)C)c1ccccc1S2,1
COc1ccc(C(=O)c2ccccc2O)c(O)c1,0
CCOCCN(Cc1ccc(Oc2ccc([N+](=O)[O-])cc2)cc1)C(=O)C(Cl)Cl,0
C=C1/C(=C\C=C2/CCC[C@@]3(C)C2CCC3C(C)/C=C/C(C)C(C)C)CC(O)CC1O,0
CC(C)OC(=O)C(C)(C)Oc1ccc(C(=O)c2ccc(Cl)cc2)cc1,1
COc1ccc(C(=O)c2ccccc2)c(O)c1,0
Cc1cn([C@@H]2C[C@H](N=[N+]=[N-])[C@H](CO[P@](=O)(O)O[P@](=O)(O)OP(=O)(O)O)O2)c(=O)[nH]c1=O,1
O=C1CN=C(c2ccccc2)c2cc([N+](=O)[O-])ccc2N1,1
CC(C)Nc1ccc(Nc2ccccc2)cc1,0
CN(C)CCCN1c2ccccc2Sc2ccccc21,0
O=c1[nH]c(=O)n([C@H]2O[C@H](CO)[C@H](O)[C@@H]2F)cc1OO,1
Nc1nc(F)nc2c1ncn2[C@@H]1O[C@H](COP(=O)(O)O)[C@H](O)[C@@H]1O,1
COc1ccc(/C=C/C(=O)N2C[C@@H]3C[C@@]34C2=CC(=O)c2[nH]c(C)c(Br)c24)cc1,1
CN(C)CCOc1ccc(/C(=C(\CCCl)c2ccccc2)c2ccccc2)cc1,1
CC1(C)OC2CC3C4CC(F)C5=CC(=O)C=C[C@]5(C)C4C(O)C[C@]3(C)[C@]2(C(=O)CO)O1,0
Nc1nc(F)nc2c1ncn2[C@@H]1O[C@H](CO)[C@H](O)[C@@H]1O,1
C=CCOC(=O)c1c(C)[nH]c2c1[C@@]13C[C@H]1CN(C(=O)/C=C/c1ccc(OC)cc1)C3=CC2=O,1
CC(CCC(=O)O)C1CCC2C3C(O)CC4CC(O)CC[C@]4(C)C3CC(O)[C@]12C,0
CC1(C)OC2CC3C4CCC5=CC(=O)C=C[C@]5(C)C4C(O)C[C@]3(C)[C@]2(C(=O)CO)O1,0
Nc1ncnc2c1ncn2[C@@H]1O[C@H](COP(=O)(O)O)[C@@H](O)[C@H]1O,0
CSCCNc1nc(SCCC(F)(F)F)nc2c1ncn2[C@@H]1O[C@H](CO[P@](=O)(O)O[P@](=O)(O)C(Cl)(Cl)P(=O)(O)O)[C@@H](O)[C@H]1O,0
CCC1C(O)C2C(CC[C@]3(C)C(C(C)CCC(=O)O)CCC23)[C@@]2(C)CCC(O)CC12,0
CCCC1OC2CC3C4CCC5=CC(=O)C=C[C@]5(C)C4C(O)C[C@]3(C)[C@]2(C(=O)CO)O1,0
COC(=O)c1c(C)[nH]c2c1[C@@]13C[C@H]1CN(C(=O)/C=C/c1ccc(OC)cc1)C3=CC2=O,1
CC/C(=C(/c1ccccc1)c1ccc(OCCN(C)C)cc1)c1ccccc1,1
CN(C)CCOc1ccc(/C(=C(/CCCl)c2ccccc2)c2ccccc2)cc1,0
CC(=O)OCC(=O)[C@@]12OC(C)(C)OC1CC1C3CC(F)C4=CC(=O)C=C[C@]4(C)[C@@]3(F)C(O)C[C@@]12C,0
CC(CCC(=O)NCCS(=O)(=O)O)C1CCC2C3C(O)CC4CC(O)CC[C@]4(C)C3CC(O)[C@]12C,0
CC1=C(/C=C/C(C)=C/C=C/C(C)=C/C(=O)O)C(C)(C)CCC1,1
CC(=O)OC[C@H]1O[C@@H](n2ccc(=O)[nH]c2=O)[C@H](OC(C)=O)[C@@H]1OC(C)=O,0
CNCC[C@@H](Oc1ccc(C(F)(F)F)cc1)c1ccccc1,1
NS(=O)(=O)c1cc2c(cc1C(F)(F)F)NCNS2(=O)=O,1
N[C@@H](Cc1c[nH]c2ccc(O)cc12)C(=O)O,0
CN(C)C[C@H](c1ccc(O)cc1)C1(O)CCCCC1,0
NS(=O)(=O)c1cc2c(cc1Cl)NCNS2(=O)=O,1
CCCCCCCC(=O)CC[C@@H]1[C@@H](C/C=C\CCCC(=O)O)[C@@H](O)C[C@H]1O,0
CN1CC[C@]23c4c5ccc(O)c4OC2C(=O)CC[C@@]3(O)C1C5,0
CCN(CC)CC#CCOC(=O)[C@](O)(c1ccccc1)C1CCCCC1,0
COc1cnc(NS(=O)(=O)c2ccc(N)cc2)nc1,0
COC(=O)C1=C(C)NC(C)=C(C(=O)OC)C1c1ccccc1[N+](=O)[O-],1
CC(=O)OCC(=O)[C@@]1(O)CCC2C3CCC4=CC(=O)C=C[C@]4(C)C3C(=O)C[C@@]21C,0
O=[N+]([O-])c1ccc(-c2ccccc2)cc1,0
Cn1c(=O)c2[nH]c(Br)nc2n(C)c1=O,0
CCOC(=O)[C@H](C)C[C@@H](Cc1ccc(-c2ccccc2)cc1)NC(=O)CCC(=O)O,0
CCN(CC)c1ccc(C(=C2C=CC(=[N+](CC)CC)C=C2)c2cc(S(=O)(=O)O)ccc2S(=O)(=O)O)cc1,0
COc1ccc(/C=C/C(=O)N2C[C@@H]3C[C@]34C2=CC(=O)c2[nH]c(C)c(C(C)=O)c24)cc1,1
CCOC(=O)C1=C(C)NC(C)=C(C(=O)OCC)C1c1ccccc1/C=C/C(=O)OC(C)(C)C,0
Cn1c(=O)c2c(ncn2C)n(C)c1=O,1
COCCOc1cnc(NS(=O)(=O)c2ccccc2)nc1,0
CN1[C@@H](CCl)Nc2cc(Cl)c(S(N)(=O)=O)cc2S1(=O)=O,1
CCN(CC)c1ccc(C(=C2C=CC(=[N+](CC)CC)C=C2)c2ccccc2)cc1,0
CC1CC2C3CCC4=CC(=O)C=C[C@]4(C)C3C(=O)C[C@]2(C)[C@@]1(O)C(=O)CO,0
N[C@@H](Cc1c[nH]c2ccccc12)C(=O)O,1
CCOC(=O)c1ccc(NC(=O)Nc2cc3c4c(cccc4c2)C(=O)N(CCN(C)C)C3=O)cc1,1
O=c1[nH]c(=O)n([C@H]2C[C@H](O)[C@@H](CO)O2)cc1C(F)(F)F,0
Nc1nc2c(ncn2COCCO)c(=O)[nH]1,1
CN(C)CCN1C(=O)c2cccc3cc(NC(=O)Nc4ccc(Cl)cc4)cc(c23)C1=O,1
COc1ccc(/C=C/C(=O)N2C[C@@H]3C[C@]34C2=CC(=O)c2[nH]c(C)c(C)c24)cc1,1
C[C@H](NCc1ccc(OCc2cccc(F)c2)cc1)C(N)=O,0
CC(=O)c1ccc2c(c1)N(CCCN1CCN(CCO)CC1)c1ccccc1S2,0
Oc1ccc(OCc2ccccc2)cc1,0
COc1ccc(/C=C/C(=O)N2C[C@@H]3C[C@]34C2=CC(=O)c2[nH]c(C)cc24)cc1,1
CCCCC[C@H](O)/C=C/[C@@H]1[C@@H](C/C=C\CCCC(=O)O)[C@@H](O)C[C@H]1O,0
Nc1nc2c(ncn2CCC(CO)CO)c(=O)[nH]1,1
O=C(O)CCC(=O)c1ccc(-c2ccccc2)cc1,1
CC1(C)S[C@@H]2[C@H](NC(=O)[C@H](N)c3ccc(O)cc3)C(=O)N2[C@@H]1C(=O)O,1
C=CCN1CC[C@]23c4c5ccc(O)c4OC2C(=O)CC[C@@]3(O)C1C5,0
CCOC(=O)O[C@H](C)OC(=O)[C@@H]1N2C(=O)[C@@H](NC(=O)[C@H](N)c3ccccc3)[C@H]2SC1(C)C,0
CN1CCN(CC/C=C2\c3ccccc3Sc3ccc(S(=O)(=O)N(C)C)cc32)CC1,1
CN(C)CCN1C(=O)c2cccc3cc(NC(=O)Nc4ccc(C#N)cc4)cc(c23)C1=O,1
CCOC(=O)C1=C(C)NC(C)=C(C(=O)OC)[C@H]1c1cccc(Cl)c1Cl,1
COc1ccc([C@@H](CN(C)C)C2(O)CCCCC2)cc1,1
CN1CCN(CCCN2c3ccccc3Sc3ccccc32)CC1,0
CCCn1c(=O)[nH]c(=O)c2[nH]cnc21,0
CC1(C)S[C@@H]2[C@H](NC(=O)[C@H](N)c3ccccc3)C(=O)N2[C@H]1C(=O)O,1
CC1CC2C(C(=O)C[C@@]3(C)C2CC[C@]3(O)C(=O)CO)[C@@]2(C)C=CC(=O)C=C12,0
CCN(CC)c1ccc(C(=C2C=CC(=[N+](CC)CC)C=C2)c2cc(O)c(S(=O)(=O)O)cc2S(=O)(=O)O)cc1,0
CCN1CCC[C@H]1CNC(=O)c1cc(S(=O)(=O)CC)c(N)cc1OC,1
CC(C)[C@@H]1CC[C@@H](C)C[C@H]1OC(=O)c1ccccc1O,0
CN(C)CCO[C@](C)(c1ccccc1)c1ccccn1,0
COc1cc(/C=N/c2cc3c4c(cccc4c2)C(=O)N(CCN(C)C)C3=O)cc(OC)c1OC,1
CC(C)N(CC[C@](C(N)=O)(c1ccccc1)c1ccccn1)C(C)C,1
Nc1ncnc2nc[nH]c12,0
O=C(O)C1=C(CSc2nnnn2CS(=O)(=O)O)CS[C@@H]2[C@H](NC(=O)[C@H](O)c3ccccc3)C(=O)N12,1
Cc1c(C)c2c(c(C)c1OC(=O)CCC(=O)O)CC[C@@](C)(CCCC(C)CCCC(C)CCCC(C)C)O2,0
CN1CCC(=C2c3ccccc3CCc3cccnc32)CC1,0
COc1ccc(C[C@@H](C)NC[C@H](O)c2ccc(O)c(NC=O)c2)cc1,0
Cc1cc(C(C)(C)C)cc(C)c1CC1=NCCN1,0
CN(C)CCN1C(=O)c2cccc3cc(NC(=S)Nc4ccc(Cl)cc4)cc(c23)C1=O,1
COc1cc2c(c(OC)c1OC)-c1ccc(OC)c(=O)cc1[C@@H](NC(C)=O)CC2,1
COc1cc2cc(C(=O)N3C[C@@H]4C[C@]45C3=CC(=O)c3[nH]c(C)c(C(C)=O)c35)[nH]c2c(OC)c1OC,1
NC(=O)c1cnccn1,1
c1ccc(CC2=NCCN2)cc1,0
CC(=O)OCC(CCn1cnc2cnc(N)nc21)COC(C)=O,1
O=P(O)(O)OC[C@H]1O[C@H](O[P@](=O)(O)OP(=O)(O)O)[C@H](O)[C@@H]1O,0
CCOC(=O)[C@H](CCc1ccccc1)N[C@@H](C)C(=O)N1Cc2cc(OC)c(OC)cc2C[C@H]1C(=O)O,0
CN(C)CC/C=C1/c2ccccc2COc2ccc(CC(=O)O)cc21,0
COc1cc2cc(C(=O)N3C[C@@H]4C[C@]45C3=CC(=O)c3[nH]c(C)c(CN(C)C)c35)[nH]c2c(OC)c1OC,1
C[C@@H]1C[C@@H](OC(=O)c2ccccc2O)CC(C)(C)C1,0
COc1cc2c(c(OC)c1OC)-c1ccc(SC)c(=O)cc1[C@@H](N)CC2,1
CN(C)CCN1C(=O)c2cccc3cc(/N=C/c4ccc(C#N)cc4)cc(c23)C1=O,1
CCN1CCC[C@H]1CNC(=O)c1c(OC)ccc(Br)c1OC,1
CN(C)CCCN1c2ccccc2CCc2ccc(Cl)cc21,1
N=C(N)c1ccc(/C=C/c2ccc(C(=N)N)cc2O)cc1,0
O=C(Oc1ccccc1)c1ccccc1O,0
Clc1ccc2c(c1)CCc1cccnc1C2=C1CCNCC1,0
O=C(Oc1ccccc1C(=O)O)c1ccccc1O,0
CN(C)CCN1C(=O)c2cccc3cc(NC(=S)Nc4ccc(C#N)cc4)cc(c23)C1=O,1
C[C@H](NCCc1ccc(O)cc1)[C@H](O)c1ccc(O)cc1,0
CN(C)CC/C=C1\c2ccccc2COc2ccc(CC(=O)O)cc21,1
OC[C@@H]1OCC(F)(F)[C@@H]1O,1
Cc1noc(NS(=O)(=O)c2ccc(N)cc2)c1C,1
CCNC1CC(N)C(OC2OC(CN)=CCC2N)C(O)C1OC1OC[C@](C)(O)C(NC)C1O,0
C[N+]1(C)[C@@H]2CC(OC(=O)[C@H](CO)c3ccccc3)C[C@H]1[C@@H]1O[C@H]12,0
Cn1nnc2c(C(N)=O)ncn2c1=O,1
NC[C@@H]1O[C@H](O[C@H]2[C@@H](O)[C@H](O[C@@H]3[C@@H](O)[C@H](N)C[C@H](N)[C@H]3O[C@H]3O[C@H](CO)[C@@H](O)[C@H](O)[C@H]3N)O[C@@H]2CO)[C@H](N)[C@@H](O)[C@@H]1O,0
CC1=CC(=O)c2ccccc2C1=O,0
CC1OC(OC2C(O)CC(OC3C(O)CC(OC4CC[C@@]5(C)C(CCC6C5CC[C@]5(C)C(C7=CC(=O)OC7)CC[C@]65O)C4)OC3C)OC2C)CC(O)C1O,0
CNC(=O)c1cc(Oc2ccc(NC(=O)Nc3ccc(Cl)c(C(F)(F)F)c3)c(F)c2)ccn1,1
CCCCc1oc2ccc(NS(C)(=O)=O)cc2c1C(=O)c1ccc(OCCCN(CCCC)CCCC)cc1,0
CN1[C@@H]2CC[C@H]1CC(OC(=O)[C@H](CO)c1ccccc1)C2,0
CC(C)(O/N=C(/C(=O)N[C@@H]1C(=O)N2C(C(=O)[O-])=C(C[n+]3ccccc3)CS[C@H]12)c1csc(N)n1)C(=O)O,1
CN(CCOc1ccc(NS(C)(=O)=O)cc1)CCc1ccc(NS(C)(=O)=O)cc1,0
COc1cc(Nc2c3ccccc3nc3ccccc23)ccc1NS(C)(=O)=O,1
O=C(O)c1cc(=O)c2c(OCC(O)COc3cccc4oc(C(=O)O)cc(=O)c34)cccc2o1,0
C[C@H](CCc1ccc(O)cc1)NCCc1ccc(O)c(O)c1,0
COc1ccc(CN(CCN(C)C)c2ncccn2)cc1,0
CC1(C)S[C@@H]2[C@H](NC(=O)[C@H](NC(=O)N3CCN(S(C)(=O)=O)C3=O)c3ccccc3)C(=O)N2[C@H]1C(=O)O,0
O=S(O)CNc1ccc(S(=O)(=O)c2ccc(NCS(=O)O)cc2)cc1,0
O=C1CCc2ccc(OCCCCN3CCN(c4cccc(Cl)c4Cl)CC3)cc2N1,1
CCOc1ccc(Cc2cc([C@@H]3O[C@H](CO)[C@@H](O)[C@H](O)[C@H]3O)ccc2Cl)cc1,0
N=c1nc2n(cc1F)[C@@H]1O[C@H](CO)[C@@H](O)[C@@H]1O2,1
Cc1onc(-c2ccccc2Cl)c1C(=O)N[C@@H]1C(=O)N2[C@@H]1SC(C)(C)[C@@H]2C(=O)O,1
C=CCN1CC[C@]23CCCCC2C1Cc1ccc(O)cc13,0
O=C1c2ccccc2C(=O)C1c1ccc(Br)cc1,1
CCCCC[C@@H](O)/C=C/[C@H]1[C@H](O)CC(=O)[C@@H]1C/C=C/CCCC(=O)O,1
Nc1ccn([C@@H]2O[C@H](CO)[C@H](O)C2(F)F)c(=O)n1,1
C=C1CCC(O)C/C1=C\C=C1/CCC[C@@]2(C)C1CCC2C(C)CCCC(C)C,0
CO/N=C(/C(=O)N[C@@H]1C(=O)N2C(C(=O)O)=C(CSc3nc(=O)c(=O)[nH]n3C)CS[C@H]12)c1csc(N)n1,1
CC(C)(C)c1ccc(CN2CCN([C@H](c3ccccc3)c3ccc(Cl)cc3)CC2)cc1,0
Cc1cc(=O)n(-c2ccccc2)n1C,0
COc1ccc(CC(=O)Nc2cc3c4c(cccc4c2)C(=O)N(CCN(C)C)C3=O)cc1,1
CC(=O)[C@@]1(O)CCC2C3CCC4=CC(=O)CCC4=C3C(c3ccc(N(C)C)cc3)C[C@@]21C,0
Cc1onc(-c2c(F)cccc2Cl)c1C(=O)N[C@H]1C(=O)N2[C@@H](C(=O)O)C(C)(C)S[C@@H]12,1
CN1CCN(C(c2ccccc2)c2ccccc2)CC1,1
Cc1cc2nc3c(=O)[nH]c(=O)nc-3n(C[C@H](O)[C@H](O)[C@H](O)CO)c2cc1C,0
Cc1ccc(/C(=C\CN2CCCC2)c2cccc(/C=C/C(=O)O)n2)cc1,0
CN(C)CC/C=C1\c2ccccc2CSc2ccccc21,0
CC[C@@H](C)[C@H]1NC(=O)[C@@H](Cc2ccc(O)cc2)NC(=O)[C@@H](N)CSSC[C@@H](C(=O)N2CCC[C@H]2C(=O)N[C@@H](CC(C)C)C(=O)NCC(N)=O)NC(=O)[C@@H](CC(N)=O)NC(=O)[C@@H]([C@H](C)O)NC1=O,1
Oc1ccc(CCCCNC[C@H](O)c2ccc(O)c(O)c2)cc1,0
CC(C)OC(=O)CCC/C=C\C[C@@H]1[C@@H](/C=C/C(F)(F)COc2ccccc2)[C@H](O)C[C@@H]1O,0
CO[C@H]1O[C@@H](COS(=O)(=O)O)[C@@H](O[C@H]2O[C@H](C(=O)O)[C@@H](OC)[C@@H](O)[C@H]2OS(=O)(=O)[O-])[C@@H](O)[C@H]1NOS(=O)(=O)[O-],1
CN(C)CCN1C(=O)c2cccc3cc(NCc4ccc5c(c4)OCO5)cc(c23)C1=O,1
Nc1nc(=S)c2[nH]cnc2[nH]1,0
COc1ccc2c(c1)c(CC(=O)OCC(=O)O)c(C)n2C(=O)c1ccc(Cl)cc1,0
NNc1nncc2ccccc12,1
CO/N=C/c1c(C)[nH]c2c1[C@@]13C[C@H]1CN(C(=O)c1cc4cc(OC)c(OC)c(OC)c4[nH]1)C3=CC2=O,1
O=C(CCCN1CCC(O)(c2ccc(Cl)cc2)CC1)c1ccc(F)cc1,1
CCCCc1nc(Cl)c(CO)n1Cc1ccc(-c2ccccc2-c2nn[nH]n2)cc1,1
COc1ccc(CN(CCN(C)C)c2ccccn2)cc1,0
CCN(CC)CCNC(=O)c1c(C)[nH]c(/C=C2\C(=O)Nc3ccc(F)cc32)c1C,1
OCCOCCN1CCN(C2=Nc3ccccc3Sc3ccccc32)CC1,1
COC(=O)[C@H]1[C@H]2C[C@@H]3c4[nH]c5ccccc5c4CCN3C[C@H]2C[C@@H](OC(=O)c2cc(OC)c(OC)c(OC)c2)[C@@H]1OC,0
CN1CCCC[C@@H]1CCN1c2ccccc2Sc2ccc([S+](C)[O-])cc21,0
O=C(OCc1ccccc1)c1ccc(O)cc1,0
CCCSc1ccc2[nH]c(NC(=O)OC)nc2c1,1
O=C1NC(c2ccccc2)(c2ccccc2)C(=O)N1COP(=O)([O-])[O-],1
O=C(O)C1(C(=O)O)CCC1,1
CC(C)CCCC(C)C1CCC2C3CC=C4CC(O)CC[C@]4(C)C3CC[C@]12C,0
CO/N=C(\C(=O)N[C@@H]1C(=O)N2C(C(=O)O)=C(COC(N)=O)CS[C@H]12)c1ccco1,0
COC1=C(OC)C(=O)C(C/C=C(\C)CC/C=C(\C)CC/C=C(\C)CC/C=C(\C)CC/C=C(\C)CC/C=C(\C)CC/C=C(\C)CC/C=C(\C)CC/C=C(\C)CCC=C(C)C)=C(C)C1=O,0
C=CC[C@]1([C@@H](C)C#CCC)C(=O)NC(=O)N(C)C1=O,0
CCC(=O)O[C@@H](O[P@](=O)(CCCCc1ccccc1)CC(=O)N1C[C@H](C2CCCCC2)C[C@H]1C(=O)O)C(C)C,0
CC[C@]1(O)CC2CN(CCc3c([nH]c4ccccc34)[C@@](C(=O)OC)(c3cc4c(cc3OC)N(C)C3[C@@](O)(C(=O)OC)C(OC(C)=O)[C@]5(CC)C=CCN6CC[C@]43C65)C2)C1,1
CC(C)(Oc1ccc([C@@H]2CC2(Cl)Cl)cc1)C(=O)O,0
CCC[C@@H](C)C1(CC)C(=O)NC(=S)NC1=O,0
CC1(C)S[C@@H]2[C@@H](NC(=O)[C@@H](C(=O)[O-])c3ccccc3)C(=O)N2[C@@H]1C(=O)[O-],1
CC(C)OC(=O)CCC/C=C\C[C@@H]1[C@@H](CC[C@@H](O)CCc2ccccc2)[C@H](O)C[C@@H]1O,0
Nc1cccc2c1C(=O)N([C@@H]1CCC(=O)NC1=O)C2=O,1
CC1CC2C3CCC4=CC(=O)C=C[C@]4(C)[C@@]3(Cl)C(O)C[C@]2(C)[C@@]1(OC(=O)c1ccco1)C(=O)CCl,0
CCNC(=O)CCC/C=C/C[C@@H]1[C@@H](/C=C/[C@H](O)CCc2ccccc2)[C@H](O)C[C@H]1O,1
CCCCCCOC(=O)/N=C(\N)c1ccc(NCc2nc3cc(C(=O)N(CCC(=O)OCC)c4ccccn4)ccc3n2C)cc1,1
CC(=O)Oc1ccc(C(c2ccc(OC(C)=O)cc2)c2ccccn2)cc1,0
O=C(O)C1=C/C(=N/Nc2ccc(O)c(C(=O)O)c2)C=CC1=O,1
C#C[C@]1(OC(C)=O)CCC2C3CCC4=CC(OC(C)=O)CCC4C3CC[C@@]21C,0
Clc1ccc2c(c1)C(c1ccccc1)=NCc1nncn1-2,1
Clc1cccc(Cl)c1NC1=NCCN1,0
NC[C@@H]1CC[C@@H](N)[C@@H](O[C@H]2[C@H](O)[C@@H](O[C@H]3O[C@H](CO)[C@@H](O)[C@H](N)[C@H]3O)[C@H](N)C[C@@H]2N)O1,0
CC(C)[N+](C)(CCOC(=O)C1c2ccccc2Oc2ccccc21)C(C)C,0
CC1(C)S[C@@H]2[C@H](NC(=O)COc3ccccc3)C(=O)N2[C@H]1C(=O)O,0
CC1=C(/C=C/C(C)=C/C=C/C(C)=C/C=C/C=C(C)/C=C/C=C(C)/C=C/C2=C(C)CCCC2(C)C)C(C)(C)CCC1,0
CCN1CCN(C(=O)N[C@@H](C(=O)N[C@@H]2C(=O)N3C(C(=O)[O-])=C(CSc4nnnn4C)CS[C@H]23)c2ccc(O)cc2)C(=O)C1=O,1
C#C[C@]1(O)CCC2C3CCC4=C(CCC(=O)C4)C3CC[C@@]21C,0
Clc1ccc(CO[C@@H](Cn2ccnc2)c2ccc(Cl)cc2Cl)cc1,0
CCC(=O)NS(=O)(=O)c1ccc(-c2c(-c3ccccc3)noc2C)cc1,0
C[C@H](O)CN1CCN(CC(=O)[O-])CCN(CC(=O)[O-])CCN(CC(=O)[O-])CC1,0
CCc1cc2c(cc1CC)CC(NC[C@H](O)c1ccc(O)c3[nH]c(=O)ccc13)C2,0
CN1CCN2c3ccccc3Cc3ccccc3[C@H]2C1,1
COc1cc(N2CCC(N3CCN(C)CC3)CC2)ccc1Nc1ncc(Cl)c(Nc2ccccc2P(C)(C)=O)n1,0
COC(=O)[C@H]1[C@H]2C[C@@H]3c4[nH]c5cc(OC)ccc5c4CCN3C[C@H]2C[C@@H](OC(=O)/C=C/c2cc(OC)c(OC)c(OC)c2)[C@@H]1OC,0
CCc1nc(C(N)=O)c(Nc2ccc(N3CCC(N4CCN(C)CC4)CC3)c(OC)c2)nc1NC1CCOCC1,0
CCN1CCC[C@@H]1CNC(=O)c1cc(S(N)(=O)=O)ccc1OC,0
C[C@]12C=CC(=O)NC1CCC1C2CC[C@]2(C)C(C(=O)Nc3cc(C(F)(F)F)ccc3C(F)(F)F)CCC12,0
C[C@]1(O)CC[C@@H]2[C@@H]3CCC4=CC(=O)CC[C@@]4(C)[C@]3(F)[C@@H](O)C[C@@]21C,1
CCN(CC)CCOCCOC(=O)C1(c2ccccc2)CCCC1,0
CO/N=C(\C(=O)N[C@@H]1C(=O)N2C(C(=O)[O-])=C(C[n+]3cccc4c3CCC4)CS[C@H]12)c1csc(N)n1,0
C=CC[N+]1(C2CC3C4CCC5CC(O)C(N6CCOCC6)C[C@]5(C)C4CC[C@]3(C)C2OC(C)=O)CCCC1,0
CC(C)C1CCC(C(=O)N[C@H](Cc2ccccc2)C(=O)O)CC1,0
CC(=O)OCC(=O)[C@@]1(O)CCC2C3CCC4=CC(=O)CC[C@]4(C)C3C(=O)C[C@@]21C,0
CN(C)C(=O)C(CCN1CCC(O)(c2ccc(Cl)cc2)CC1)(c1ccccc1)c1ccccc1,0
CCCCOc1ccc(OCCCN2CCOCC2)cc1,0
CC(=O)SC1CC2=CC(=O)CC[C@]2(C)C2CC[C@@]3(C)C(CC[C@@]34CCC(=O)O4)C12,1
COc1cc2cc(C(=O)N3C[C@H]4C[C@@]45C3=CC(=O)c3[nH]c(C)c(C(=O)Nc4ccccc4)c35)[nH]c2c(OC)c1OC,1
Cc1cncc(CN2CCC(=C3c4ccc(Cl)cc4CCc4cccnc43)CC2)c1,0
CN1CCN(C2=c3ccccc3=Nc3ccc(Cl)cc3N2)CC1,1
CCN1C(=O)N[C@H](c2ccccc2)C1=O,0
N=C(N)c1ccc(OCCCCCCOc2ccc(C(=N)N)cc2)cc1,0
CN(C)CCN1C(=O)c2cccc3cc(NC(=O)NC(=O)c4ccccc4)cc(c23)C1=O,1
Cc1cnc(C(=O)NCCc2ccc(S(=O)(=O)NC(=O)NC3CCCCC3)cc2)cn1,1
COc1c(C)c2c(c(O)c1C/C=C(\C)CCC(=O)OCCN1CCOCC1)C(=O)OC2,1
C[N+]12CCC(CC1)[C@@H](OC(=O)C(O)(c1ccccc1)c1ccccc1)C2,0
CN(CCCCCCCCCCN(C)C(=O)Oc1cccc([N+](C)(C)C)c1)C(=O)Oc1cccc([N+](C)(C)C)c1,0
O=C1CCc2cc(OCCCCc3nnnn3C3CCCCC3)ccc2N1,1
CC1=NN(c2ccc(C)c(C)c2)C(=O)/C1=N\Nc1cccc(-c2cccc(C(=O)O)c2)c1O,0
C[N+](C)([O-])CCC=C1c2ccccc2CCc2ccccc21,0
COc1cccc(N2CCN(C3=Nc4c(F)cccc4[C@H](CC(=O)O)N3c3cc(C(F)(F)F)ccc3OC)CC2)c1,0
CN1CCC(=C2c3ccccc3CCn3c(C=O)cnc32)CC1,0
CN(C/C=C/c1ccccc1)Cc1cccc2ccccc12,1
O=C(O)[C@H]1/C(=C/CO)O[C@@H]2CC(=O)N21,0
CC1CCC(O)C/C1=C\C=C1/CCC[C@@]2(C)C1CCC2C(C)/C=C/C(C)C(C)C,0
OC[C@H]1O[C@@H](Oc2ccc(O)cc2)[C@H](O)[C@@H](O)[C@@H]1O,0
COc1ccc(C(=O)CC(=O)c2ccc(C(C)(C)C)cc2)cc1,0
C[N+]1(CC2CC2)CC[C@]23c4c5ccc(O)c4OC2C(=O)CC[C@@]3(O)C1C5,0
COc1ccc([C@@H]2Sc3ccccc3N(CCN(C)C)C(=O)[C@@H]2OC(C)=O)cc1,1
O=C(Cc1ccc(-c2ccc(OCCN3CCOCC3)cc2)cn1)NCc1ccccc1,0
CN1C(=O)CC(=O)N(c2ccccc2)c2cc(Cl)ccc21,1
c1ccc2c(CC3=NCCN3)cccc2c1,0
O=C1c2c(O)cccc2[C@@H]([C@@H]2O[C@H](CO)[C@@H](O)[C@H](O)[C@H]2O)c2cc(CO)cc(O)c21,0
Cc1ncc2n1-c1ccc(Cl)cc1C(c1ccccc1F)=NC2,1
O=C1C(=O)c2ccccc2C(O)=C1C1CCC(c2ccc(Cl)cc2)CC1,1
COC(=O)Nc1nc2ccc(C(=O)c3ccccc3)cc2[nH]1,1
CCCCOCCOCCOCc1cc2c(cc1CCC)OCO2,0
N#C/C(=C1/SC[C@@H](c2ccc(Cl)cc2Cl)S1)n1ccnc1,0
NS(=O)(=O)c1ccc(N2CCCCS2(=O)=O)cc1,0
O=C1c2cccc3c2[C@H](CCC3)CN1[C@@H]1CN2CCC1CC2,0
N[C@@H](C(=O)N[C@@H]1C(=O)N2C(C(=O)O)=C(Cl)CC[C@H]12)c1ccccc1,1
CCOC(=O)c1ncn2c1CN(C)C(=O)c1cc(F)ccc1-2,0
CC1(C)OC2CC3C4CC(F)C5=CC(=O)CC[C@]5(C)C4C(O)C[C@]3(C)[C@]2(C(=O)CO)O1,0
O[C@](CCN1CCCCC1)(c1ccccc1)C1CCCC1,0
CCCCS(=O)(=O)N[C@H](Cc1ccc(OCCCCC2CCNCC2)cc1)C(=O)O,1
COc1cc2ncnc(Nc3ccc(F)c(Cl)c3)c2cc1OCCCN1CCOCC1,1
C=C1/C(=C\C=C2/CCC[C@@]3(C)C2CCC3C(C)/C=C/C(O)C2CC2)CC(O)CC1O,0
CC(=O)Oc1ccccc1C(=O)Nc1ncc([N+](=O)[O-])s1,0
C[C@@]12CC[C@H]3C(=CCc4cc(OS(=O)(=O)O)ccc43)[C@@H]1CCC2=O,1
CNC(=O)c1ccc(N2C(=S)N(c3ccc(C#N)c(C(F)(F)F)c3)C(=O)C2(C)C)cc1F,1
O=c1cc(-c2ccccc2)oc2ccccc12,0
CC(=O)C[C@@H](c1ccc([N+](=O)[O-])cc1)c1c(O)c2ccccc2oc1=O,0
CC(CCC(=O)O)C1CCC2C3C(=O)CC4CC(=O)CC[C@]4(C)C3CC(=O)[C@]12C,0
C[N+]1(C)CCN(C[C@](O)(c2ccccc2)C2CCCCC2)CC1,0
COc1ccc2cc3[n+](cc2c1OC)CCc1cc2c(cc1-3)OCO2,0
COc1cc2c(cc1OC)C(=O)[C@H](CC1CCN(Cc3ccccc3)CC1)C2,1
Fc1ccc(C(c2ccc(F)cc2)N2CCN(C/C=C/c3ccccc3)CC2)cc1,0
NS(=O)(=O)c1cc(C(=O)O)cc(N2CCCC2)c1Oc1ccccc1,0
C[C@H]1CNCCc2ccc(Cl)cc21,0
COc1cccc(OC)c1C(=O)N[C@@H]1C(=O)N2[C@@H]1SC(C)(C)[C@@H]2C(=O)[O-],1
COc1cc2cc(C(=O)N3C[C@H]4C[C@@]45C3=CC(=O)c3[nH]c(C)c(C4SCCCS4)c35)[nH]c2c(OC)c1OC,1
C[N+]1(C)[C@@H]2CC(OC(=O)C(O)(c3cccs3)c3cccs3)C[C@H]1[C@@H]1O[C@H]12,0
C#C[C@]1(O)CCC2C3CCc4cc(OC5CCCC5)ccc4C3CC[C@@]21C,0
CCCN(CCOc1c(Cl)cc(Cl)cc1Cl)C(=O)n1ccnc1,1
CC1=C(C(=O)Nc2ccccc2)SCCO1,0
COc1ccccc1OCCNC[C@H](O)COc1cccc2[nH]c3ccccc3c12,1
CCO/N=C(\C(=O)N[C@@H]1C(=O)N2C(C(=O)O)=C(Sc3nc(-c4cc[n+](C)cc4)cs3)CS[C@H]12)c1nsc(NP(=O)([O-])O)n1,0
CN1CCC[C@@H](CC2c3ccccc3Sc3ccccc32)C1,0
C[N+]1(C)CCC[C@H](OC(=O)C(O)(c2ccccc2)c2ccccc2)C1,0
NS(=O)(=O)c1cc2c(cc1Cl)N=C(CSCc1ccccc1)NS2(=O)=O,0
COc1cc(C(=O)OCCCN(C)CCN(C)CCCOC(=O)c2cc(OC)c(OC)c(OC)c2)cc(OC)c1OC,0
CCCC[C@@H](CC)COC(=O)/C(C#N)=C(\c1ccccc1)c1ccc(OC)cc1,0
CC(C)(c1ccc(OC[C@@H]2CO2)cc1)c1ccc(OC[C@@H]2CO2)cc1,0
COc1ccc2c3c1OC1C(OC(=O)c4ccccc4)=CCC4C(C2)N(C)CC[C@]314,0
OC[C@H]1O[C@@H](Oc2cc(O)cc(/C=C/c3ccc(O)cc3)c2)[C@H](O)[C@@H](O)[C@@H]1O,0
COc1cc2c(cc1OC)[C@@H]1CC(=O)[C@@H](CC(C)C)CN1CC2,0
C[C@@H]1O[C@@H](OC[C@H]2O[C@@H](Oc3c(-c4ccc(O)c(O)c4)oc4cc(O)cc(O)c4c3=O)[C@H](O)[C@@H](O)[C@@H]2O)[C@H](O)[C@H](O)[C@H]1O,0
CN(C)C(=O)c1cccc(COc2ccc(N3C(N)=NC(N)=NC3(C)C)cc2Cl)c1,1
C[C@H]1O[C@H](O[C@H]2[C@H](O)[C@@H](O)[C@@H](O[C@@H]([C@H](O)[C@@H](O)C=O)[C@H](O)CO)O[C@@H]2CO)[C@H](O)[C@@H](O)[C@@H]1N[C@H]1C=C(CO)[C@@H](O)[C@H](O)[C@H]1O,1
CNC(=O)Oc1ccc2c(c1)[C@]1(C)CCN(C)C1N2C,0
O=C1CN(/N=C/c2ccc(-c3ccc([N+](=O)[O-])cc3)o2)C(=O)N1,0
COc1ccc(CN2CCNCC2)c(OC)c1OC,0
CCOc1nc2cccc(C(=O)O)c2n1Cc1ccc(-c2ccccc2-c2nn[nH]n2)cc1,1
COc1nc2ccc(Br)cc2cc1C(c1ccccc1)[C@@](O)(CCN(C)C)c1cccc2ccccc12,0
NC(=O)N1c2ccccc2C=Cc2ccccc21,1
CCCCC[C@@H](O)/C=C/[C@@H]1[C@H]2C/C(=C\CCCC(=O)O)O[C@@H]2C[C@H]1O,1
O=C1CCCC(=O)C1C(=O)c1ccc(C(F)(F)F)cc1[N+](=O)[O-],1
O=C1CN(/N=C/c2ccc([N+](=O)[O-])o2)C(=O)N1,1
C[C@]1(Cn2ccnn2)C(C(=O)O)N2C(=O)CC2S1(=O)=O,0
COc1ccc(CCO[C@@H]2CCCC[C@H]2N2CC[C@@H](O)C2)cc1OC,0
C=C1C[C@@]23CCC4[C@@](C)(CCC[C@@]4(C)C(=O)O)C2CC[C@]1(OC1OC(CO)C(O)C(O)C1OC1OC(CO)C(O)C(O)C1O)C3,0
CC1(C)[C@H](C(=O)O)N2C(=O)C[C@H]2S1(=O)=O,0
Cc1c(-c2ccc(O)cc2)n(Cc2ccc(OCCN3CCCCCC3)cc2)c2ccc(O)cc12,0
Cc1c(Cl)c(C)[n+]([O-])c(Cl)c1-c1noc(-c2cc(O)c(O)c([N+](=O)[O-])c2)n1,0
C=CCN1CC[C@]23c4c5ccc(O)c4OC2C(OCCOCCOCCOCCOCCOCCOCCOC)CC[C@@]3(O)C1C5,0
CSCC[C@H](NC(=O)[C@H](Cc1c[nH]c2ccccc12)NC(=O)CCNC(=O)OC(C)(C)C)C(=O)N[C@@H](CC(=O)O)C(=O)N[C@@H](Cc1ccccc1)C(N)=O,0
C[N+]1(C)CC[C@@H](OC(=O)[C@](O)(c2ccccc2)C2CCCC2)C1,0
C[C@H](CSC(=O)c1ccccc1)C(=O)N1C[C@@H](Sc2ccccc2)C[C@H]1C(=O)O,0
CC[C@@]1(CCC(C)C)C(=O)NC(=O)N=C1[O-],1
COc1ccc(Cc2nccc3cc(OC)c(OC)cc23)cc1OC,0
Cc1ccnc2c1NC(=O)c1cccnc1N2C1CC1,1
Cc1cn([C@@H]2C=C[C@H](CO[P@](=O)(O)O[P@](=O)(O)OP(=O)(O)O)O2)c(=O)[nH]c1=O,1
CN(C)C/C=C/C(=O)Nc1cc2c(Nc3ccc(F)c(Cl)c3)ncnc2cc1O[C@H]1CCOC1,0
CC#CC(=O)N1CCC[C@H]1c1nc(-c2ccc(C(=O)Nc3ccccn3)cc2)c2c(N)nccn12,0
c1ccc2sc(SN3CCOCC3)nc2c1,0
Cc1cc2c(s1)Nc1ccccc1N=C2N1CCN(C)CC1,1
C[C@H](N[C@H](CCc1ccccc1)C(=O)O)C(=O)N1[C@@H](C(=O)O)C[C@H]2CCC[C@H]21,1
O=c1ccc2cc(O[C@@H]3O[C@H](CO)[C@@H](O)[C@H](O)[C@H]3O)c(O)cc2o1,0
COc1cc(OC)cc(N(CCNC(C)C)c2ccc3ncc(-c4cnn(C)c4)nc3c2)c1,0
CCC(=O)N(c1ccccc1)C1(COC)CCN(CCc2cccs2)CC1,0
CN1CCN(C2=Nc3cc(Cl)ccc3Nc3ccccc32)CC1,1
Cc1cccc(C)c1NC(=O)CN1CCN(CCCC(c2ccc(F)cc2)c2ccc(F)cc2)CC1,0
COc1cc2nc(N3CCN(C(=O)c4ccco4)CC3)nc(N)c2cc1OC,0
Cc1nc2c([nH]1)CCN(C(=O)c1ccc(NC(=O)c3ccccc3-c3ccccc3)cc1)c1ccccc1-2,0
OC(c1ccccc1)(c1ccccc1)C12CC[N+](CCOCc3ccccc3)(CC1)CC2,0
Cc1cc(O)c(C(=O)N[C@@H](C(=O)N[C@@H]2C(=O)N3C(C(=O)O)=C(CSc4nnnn4C)CS[C@H]23)c2ccc(O)cc2)cn1,0
CC1CC2C3CCC4=CC(=O)C=C[C@]4(C)[C@@]3(F)C(O)C[C@]2(C)[C@@]1(O)C(=O)COC(=O)c1cccc(S(=O)(=O)O)c1,0
CC1OC(OC2CC[C@@]3(C)C(CCC4C3CC(O)[C@]3(C)C(C5=CC(=O)OC5)CC[C@]43O)C2)CC(O)C1OC1CC(O)C(OC2CC(O)C(OC3OC(CO)C(O)C(O)C3O)C(C)O2)C(C)O1,0
Cc1ccc(C(=O)Nc2ccc(CN3CCN(C)CC3)c(C(F)(F)F)c2)cc1C#Cc1cnc2cccnn12,1
CCC1=C(C)CN(C(=O)NCCc2ccc(S(=O)(=O)NC(=O)NC3CCC(C)CC3)cc2)C1=O,1
CN(C)CC/C=C1/c2ccccc2Sc2ccc(Cl)cc21,0
Cc1cc2nc3c(=O)[nH]c(=O)nc-3n(CC(O)C(O)C(O)CO[P@@](=O)(O)O[P@](=O)(O)OCC3OC(n4cnc5c(N)ncnc54)C(O)C3O)c2cc1C,0
C[C@@H]1Cc2ccccc2N1NC(=O)c1ccc(Cl)c(S(N)(=O)=O)c1,1
O=C1CN=C(c2ccccn2)c2cc(Br)ccc2N1,1
O=S(=O)(O)c1ccc2nc(-c3ccccc3)[nH]c2c1,0
CC(=O)OCC(=O)[C@@]12OC3(CCCC3)OC1CC1C3CCC4=CC(=O)C=C[C@]4(C)[C@@]3(F)C(O)C[C@@]12C,0
CCOC(=O)[C@H](CCc1ccccc1)N[C@@H](C)C(=O)N1CC2(C[C@H]1C(=O)O)SCCS2,0
C[C@]12CCC3c4ccc(OC(=O)c5ccccc5)cc4CCC3C1CCC2O,0
CCOc1ccc(Cc2cc([C@]34OC[C@](CO)(O3)C(O)C(O)C4O)ccc2Cl)cc1,0
C[C@H](Oc1c(Cl)cccc1Cl)C1=NCCN1,0
C[N+]1(C)[C@H]2CC[C@H]1CC(OC(=O)[C@H](O)c1ccccc1)C2,0
C[C@]12COC(=O)CC1CCC1C2CC[C@@]2(C)C1CC[C@]2(C)O,0
CN1CCC(=C2c3ccccc3CC(=O)c3sccc32)CC1,0
O=C(O)c1cc2ccccc2c(Cc2c(O)c(C(=O)O)cc3ccccc23)c1O,1
CC(C)(C)c1ccc(C(=O)CCCN2CCC(OC(c3ccccc3)c3ccccc3)CC2)cc1,0
CC(C)(N)C(=O)N[C@H](Cc1c[nH]c2ccccc12)C(=O)N[C@H](Cc1c[nH]c2ccccc12)NC=O,0
CS(=O)(=O)c1cc(C(F)(F)F)ccc1C(=O)c1cnoc1C1CC1,0
C[C@@H]1O[C@H](O[C@H]2[C@@H](O)[C@@H](O)[C@@H](O[C@H]3[C@@H](O)[C@@H](O)[C@@H](O)O[C@H]3CO)O[C@H]2CO)[C@H](O)[C@H](O)[C@@H]1N[C@@H]1C=C(CO)[C@H](O)[C@H](O)[C@@H]1O,1
CCN(CCCCOC(=O)c1ccc(OC)c(OC)c1)[C@H](C)Cc1ccc(OC)cc1,0
CCC[C@H](N[C@@H](C)C(=O)N1[C@H](C(=O)O)C[C@@H]2CCCC[C@@H]21)C(=O)OCC,1
OC[C@H]1O[C@@H](O[C@H]2[C@H](O)[C@@H](O)[C@H](O)O[C@@H]2CO)[C@H](O)[C@@H](O)[C@H]1O,0
CCCc1nc2c(C)cc(-c3nc4ccccc4n3C)cc2n1Cc1ccc(-c2ccccc2C(=O)O)cc1,1
COc1cc2ncnc(Nc3ccc(F)c(Cl)c3)c2cc1NC(=O)/C=C/CN1CCCCC1,0
CC(C)NCCCC1(C(N)=O)c2ccccc2-c2ccccc21,0
CN(Cc1cnc2nc(N)nc(N)c2n1)c1ccc(C(=O)N[C@@H](CCC(=O)O)C(=O)O)cc1,1
CC1=C[C@H](O)CC(C)(C)[C@H]1/C=C/C(C)=C/C=C/C(C)=C/C=C/C=C(C)/C=C/C=C(C)/C=C/C1=C(C)C[C@@H](O)CC1(C)C,0
O=C(O)CCc1nc(-c2ccccc2)c(-c2ccccc2)o1,1
CC(=O)OCC1=C(C(=O)[O-])N2C(=O)[C@@H](NC(=O)Cc3cccs3)[C@H]2SC1,1
CC(=O)OCC1=C(C(=O)[O-])N2C(=O)[C@@H](NC(=O)CSc3ccncc3)[C@H]2SC1,1
Cc1ccc(C(=O)c2ccc(CC(=O)[O-])n2C)cc1,1
CC[C@H](C)[C@@H]1NC(=O)[C@H](Cc2ccc(OC)cc2)NC(=O)CCCSC[C@@H](C(=O)N2CCC[C@H]2C(=O)N[C@@H](CC(C)C)C(=O)NCC(N)=O)NC(=O)[C@H](CC(N)=O)NC(=O)[C@H](CCC(N)=O)NC1=O,0
COc1cc2cc(C(=O)N3C[C@H]4C[C@@]45C3=CC(=O)c3[nH]c(C)c(C(=O)O[C@@H]4CSSC[C@@H]4O)c35)[nH]c2c(OC)c1OC,1
C[C@@H]1CS(=O)(=O)CCN1/N=C/c1ccc([N+](=O)[O-])o1,0
CN(C)CCn1nnnc1SCC1=C(C(=O)O)N2C(=O)[C@@H](NC(=O)Cc3csc(N)n3)[C@H]2SC1,0
C[C@]12C=CC(=O)C=C1CCC1C2C(O)C[C@@]2(C)C1CC[C@]2(O)C(=O)COC(=O)CCCc1ccc(N(CCCl)CCCl)cc1,1
CC(C)N1CCN(c2ccc(OCC3CO[C@](Cn4cncn4)(c4ccc(Cl)cc4Cl)O3)cc2)CC1,0
Cc1nnc(SCC2=C(C(=O)[O-])N3C(=O)[C@H](NC(=O)Cn4cnnn4)[C@@H]3SC2)s1,1
CCC(=O)O[C@H](O[P@@](=O)(CCCCc1ccccc1)CC(=O)N1C[C@@H](C2CCCCC2)C[C@@H]1C(=O)[O-])C(C)C,1
Nc1c2c(nc3ccccc13)CCCC2,1
O=C(O)c1ccc(-n2nc(-c3ccccc3O)nc2-c2ccccc2O)cc1,1
CO[C@@]1(NC(=O)C2SC(=C(C(N)=O)C(=O)O)S2)C(=O)N2C(C(=O)O)=C(CSc3nnnn3C)CS[C@H]21,1
CN1CCC2=C(C1)[C@@H](c1ccccc1)c1ccccc12,0
Nc1ccc(/N=N/c2ccccc2)c(N)n1,1
COC(=O)/C=C/C(=O)OCCN1C(=O)CCC1=O,0
CO[C@@]1(NC(=O)C(C(=O)[O-])c2ccc(O)cc2)C(=O)N2C(C(=O)[O-])=C(CSc3nnnn3C)COC21,1
CC[C@@](COC(=O)c1cc(OC)c(OC)c(OC)c1)(c1ccccc1)N(C)C,0
COc1ccc(CC(C)(C)NC[C@H](O)c2cc(O)cc3c2OCC(=O)N3)cc1,0
CN1CC[C@@H](CN2c3ccccc3Sc3ccccc32)C1,0
C[C@]12Cc3c[nH]nc3CC1CCC1C2CC[C@@]2(C)C1CC[C@]2(C)O,0
CCOc1ccc2ccccc2c1C(=O)N[C@H]1C(=O)N2[C@@H](C(=O)O)C(C)(C)S[C@@H]12,1
O=c1[nH]c2ccccc2n1CCCN1CCC(n2c(=O)[nH]c3cc(Cl)ccc32)CC1,0
NC(=O)C(c1ccccc1)(c1ccccc1)[C@@H]1CCN(CCc2ccc3c(c2)CCO3)C1,0
CN1Cc2c(N)cccc2[C@@H](c2ccccc2)C1,1
NC[C@H]1O[C@H](O[C@H]2[C@H](O[C@@H]3O[C@H](CO)[C@@H](O)[C@H]3O)[C@@H](O)[C@H](N)C[C@@H]2N)[C@H](N)[C@@H](O)[C@@H]1O,0
COc1nc(C)nc(Cl)c1NC1=NCCN1,0
Cc1cccc(C)c1NC(=O)[C@@H]1CCCCN1C,0
COc1ccc(/C=C/C(=O)N2C[C@H](CCl)[C@H]3C2=C[C@@H](O)c2[nH]c(C)c(CN(C)C)c23)cc1,1
COc1cc(N[C@H](C)CCCN2C(=O)CN(C(=O)[C@H](N)Cc3ccccc3)C2(C)C)c2ncccc2c1,1
CCCN(CCC)CCc1cccc2c1CC(=O)N2,1
CCCc1nc(C(C)(C)O)c(C(=O)OCc2oc(=O)oc2C)n1Cc1ccc(-c2ccccc2-c2nn[nH]n2)cc1,1
Cc1ccc([C@@H]2O[C@H](CO)[C@@H](O)[C@H](O)[C@H]2O)cc1Cc1ccc(-c2ccc(F)cc2)s1,0
Cc1cc2c(s1)=Nc1ccccc1NC=2N1CCN(C)CC1,1
C[C@]12CCC3c4ccc(O)cc4CCC3C1CCC2OC(=O)CCC1CCCC1,0
CN(CCOc1ccc(C[C@@H]2SC(=O)NC2=O)cc1)c1ccccn1,1
CC(=O)[C@@]1(O)CC[C@@H]2[C@@H]3C=C(C)C4=CC(=O)CC[C@]4(C)[C@@H]3CC[C@]21C,1
C[C@]12CCC3c4ccc(O)cc4CCC3C1CCC2=O,0
CC1(C)C[C@@H]1C(=O)N/C(=C\CCCCSC[C@H](N)C(=O)O)C(=O)O,0
Nc1nc2ccc(OC(F)(F)F)cc2s1,1
O=C1Cc2cc(CCN3CCN(c4nsc5ccccc45)CC3)c(Cl)cc2N1,1
NS(=O)(=O)c1cc2c(cc1C(F)(F)F)N[C@H](Cc1ccccc1)NS2(=O)=O,0
Nc1cccc2c1CN([C@@H]1CCC(=O)NC1=O)C2=O,1
O=C1N=C([O-])CN1/N=C/c1ccc(-c2ccc([N+](=O)[O-])cc2)o1,1
CCCCCCC(=O)OC1CCC2C3CCC4=C/C(=N/NC(=O)C(O)(c5ccccc5)c5ccccc5)CC[C@]4(C)C3CC[C@]12C,0
c1ccc2[nH]c(-c3cscn3)nc2c1,0
COc1ccc(C(=O)N2CCN(c3ccc4c(c3)CCC(=O)N4)CC2)cc1OC,1
CC1(C)S[C@H]([C@H](NC(=O)Cc2ccccc2)C(=O)NCCCC[C@@H](N)C(=O)O)N[C@H]1C(=O)O,0
CCc1nn(CCCN2CCN(c3cccc(Cl)c3)CC2)c(=O)n1CCOc1ccccc1,1
CC(=O)OC[C@H]1O[C@@H](n2ncc(=O)[nH]c2=O)[C@H](OC(C)=O)[C@@H]1OC(C)=O,1
CN1/C(=C(\[O-])Nc2ccccn2)C(=O)c2ccccc2S1(=O)=O,1
CN1c2c([nH]c(N)nc2=O)NC[C@@H]1CNc1ccc(C(=O)N[C@@H](CCC(=O)O)C(=O)O)cc1,0
O=C(CCCc1ccccc1)OCC(COC(=O)CCCc1ccccc1)OC(=O)CCCc1ccccc1,0
CN(C)CCN1C(=O)c2cccc3cc(NC(=O)Nc4cc5c6c(cccc6c4)C(=O)N(CCN(C)C)C5=O)cc(c23)C1=O,1
CC1=NN(c2ccccc2)C(=O)C1,0
CCCCC1=NC2(CCCC2)C(=O)N1Cc1ccc(-c2ccccc2-c2nn[nH]n2)cc1,1
N=C(N)N1CCc2ccccc2C1,0
CCCCC(F)(F)[C@@]1(O)CCC2C(CC(=O)C2CCCCCCC(=O)O)O1,0
CCOc1cc2ncc(C#N)c(Nc3ccc(OCc4ccccn4)c(Cl)c3)c2cc1NC(=O)/C=C/CN(C)C,0
CCCC[C@@H]1C(=O)N(c2ccccc2)N(c2ccc(O)cc2)C1=O,1
O=C(O)c1cc(/N=N/c2ccc(S(=O)(=O)Nc3ccccn3)cc2)ccc1O,1
CCOC(=O)C1(c2ccccc2)CCN(C)CC1,0
COc1ccc(-c2sc3cc(O)ccc3c2Oc2ccc(OCCN3CCCCC3)cc2)cc1,0
Cc1ccccc1N1CCN(CCc2nnc3n2CCCC3)CC1,0
Clc1ccc([C@@H](Cn2ccnc2)OCc2c(Cl)cccc2Cl)c(Cl)c1,0
CC(=O)OCC(=O)[C@@]12N=C(C)OC1CC1C3CCC4=CC(=O)C=C[C@]4(C)C3C(O)C[C@@]12C,0
CN1CCN2c3c(cccc31)[C@@H]1CN(CCCC(=O)c3ccc(F)cc3)CC[C@@H]12,0
CO/N=C(\C(=O)N[C@@H]1C(=O)N2C(C(=O)O)=C(/C=C\c3scnc3C)CS[C@H]12)c1csc(N)n1,0
COc1ccc(C[C@H]2COC(=O)[C@@H]2Cc2ccc(OC(=O)[C@@H](N)C(C)C)c(OC)c2)cc1OC,1
C[C@]12C=CC(=O)C=C1CCC1C2CC[C@]2(C)OC(=O)CCC12,0
CN(C)S(=O)(=O)c1ccc2c(c1)N(CCCN1CCC(CCO)CC1)c1ccccc1S2,0
CC(C)(CO)c1cc2cc(NC(=O)C3(c4ccc5c(c4)OC(F)(F)O5)CC3)c(F)cc2n1C[C@@H](O)CO,0
CC(=O)N1CCN(c2ccc(OC[C@@H]3CO[C@](Cn4ccnc4)(c4ccc(Cl)cc4Cl)O3)cc2)CC1,1
CCC(CC)COC(=O)C(C)N[P@](=O)(OCC1O[C@@](C#N)(c2ccc3c(N)ncnn23)C(O)C1O)Oc1ccccc1,0
c1coc(CNc2ncnc3nc[nH]c23)c1,0
Clc1ccccc1C(c1ccccc1)(c1ccccc1)n1ccnc1,0
CN(Cc1ccc(C(C)(C)C)cc1)Cc1cccc2ccccc12,0
CO/N=C(/C(=O)N[C@H]1C(=O)N2C(C(=O)O[C@H](C)OC(C)=O)=C(COC(N)=O)CS[C@@H]12)c1ccco1,1
O=C(c1cc(Cc2n[nH]c(=O)c3ccccc23)ccc1F)N1CCN(C(=O)C2CC2)CC1,0
Nc1ccc(S(=O)(=O)Nc2ccnn2-c2ccccc2)cc1,0
CO[C@@H]1[C@H](O)[C@H](O)[C@H](OC[C@H]2O[C@@H](O[C@@H]3[C@H](O)[C@H](O)[C@H](C)O[C@@H]3CO)[C@@H](O)[C@@H](O)[C@H]2O[C@@H]2O[C@H](CO)[C@H](OC)[C@H](O)[C@@H]2OCCO)O[C@@H]1CO,1
CC(C)(C)NC[C@H](O)COc1cccc2c1CCCC2=O,0
N=C(N)c1ccc(OCCCCCOc2ccc(C(=N)N)cc2)cc1,1
NS(=O)(=O)Cc1noc2ccccc12,1
CCCCC[C@H](O)/C=C/[C@@H]1[C@H]2C/C(=C/CCCC(=O)O)O[C@H]2C[C@H]1O,0
OC[C@H](O)[C@@H](O)[C@H](O)[C@H](O)CO[C@H]1O[C@H](CO[C@H]2O[C@H](CO)[C@@H](O)[C@H](O)[C@H]2O)[C@@H](O)[C@H](O)[C@H]1O,0
C=C(c1ccc(C(=O)O)cc1)c1cc2c(cc1C)C(C)(C)CCC2(C)C,1
C[C@H](Cc1ccc(C(C)(C)C)cc1)CN1CCCCC1,0
O[C@](CCN1CCCC1)(c1ccccc1)C1CCCCC1,0
COc1c(C)c2c(c(O)c1C/C=C(\C)CCC(=O)O)C(=O)OC2,1
O=C(NC1CCN(CCCCC2(C(=O)NCC(F)(F)F)c3ccccc3-c3ccccc32)CC1)c1ccccc1-c1ccc(C(F)(F)F)cc1,0
C[N+](C)(CCCCCC[N+](C)(C)C1c2ccccc2-c2ccccc21)C1c2ccccc2-c2ccccc21,0
O=C1C=CC=C/C1=C1\N/C(=C2/C=CC=CC2=O)N(c2ccc(C(=O)O)cc2)N1,1
CO[C@@]1(NC(=O)Cc2cccs2)C(=O)N2C(C(=O)O)=C(COC(N)=O)CSC21,1
CC(C)(C)C1CCC(CC2=C(O)c3ccccc3C(=O)C2=O)CC1,1
Cn1cnc([N+](=O)[O-])c1Sc1ncnc2nc[nH]c12,1
CCCC(CCC)C(=O)OC1C[C@@H]2CC[C@@H](C1)[N+]2(C)C,0
C[C@H](Cc1ccc(O)c(O)c1)[C@@H](C)Cc1ccc(O)c(O)c1,0
N#CC(CCN1CCC(C(N)=O)(N2CCCCC2)CC1)(c1ccccc1)c1ccccc1,0
CCN(Cc1ccncc1)C(=O)[C@H](CO)c1ccccc1,0
COc1ccc([C@@H]2CC(=O)c3c(O)cc(O[C@@H]4O[C@H](CO[C@@H]5O[C@@H](C)[C@H](O)[C@@H](O)[C@H]5O)[C@@H](O)[C@H](O)[C@H]4O)cc3O2)cc1O,0
CC(C)(C)c1nc(-c2cccc(NS(=O)(=O)c3c(F)cccc3F)c2F)c(-c2ccnc(N)n2)s1,1
CC(C)(NC(=O)C1=C(O)C2Oc3c(O)ccc4c3[C@@]23CCN(CC2CC2)C(C4)[C@]3(O)C1)c1nc(-c2ccccc2)no1,0
CN(C)CCN(Cc1ccsc1)c1ccccn1,0
Cc1[nH]c2ccccc2c1CCNCc1ccc(/C=C/C(=O)NO)cc1,0
CC(C)OC(=O)C(C)N[P@](=O)(COC(C)Cn1cnc2c(N)ncnc21)Oc1ccccc1,0
Cc1cc(C2CCCCC2)n(O)c(=O)c1,0
CC[C@@H]1NC(=O)c2cc(S(N)(=O)=O)c(Cl)cc2N1,0
c1ccc(Nc2ccc(NC3CCCCC3)cc2)cc1,0
C[C@]12CCC(O)CC1=CCC1C2CC[C@]2(C)C(=O)CCC12,0
NC(=O)[C@@H]1CCCN1C(=O)[C@H](Cc1cnc[nH]1)NC(=O)[C@@H]1CCC(=O)N1,0
C[C@]12CCC(=O)C=C1C1CC1C1C2CC[C@@]2(C)C1C1CC1[C@@]21CCC(=O)O1,0
C[C@@](O)(CS(=O)(=O)c1ccc(F)cc1)C(=O)Nc1ccc(C#N)c(C(F)(F)F)c1,1
C[C@H](Cc1ccc2c(c1)OCO2)NC[C@H](O)c1ccc(O)c(O)c1,0
CC(C)(C)C(=O)OCOC(=O)[C@@H]1N2C(=O)[C@@H](/N=C/N3CCCCCC3)[C@H]2SC1(C)C,0
Clc1ccc2c(c1)C(N1CCNCC1)=Nc1ccccc1O2,1
NC(=O)c1[nH]nc([C@@H]2O[C@H](CO)[C@@H](O)[C@H]2O)c1O,1
CO/N=C(/C(=O)N[C@H]1C(=O)N2C(C(=O)O)=CCS[C@H]12)c1csc(N)n1,1
CO/N=C(\C(=O)N[C@@H]1C(=O)N2C(C(=O)[O-])=C(CSc3nc(=O)c(=O)[n-]n3C)CS[C@H]12)c1csc(N)n1,1
CCC(=O)N(c1ccccc1)C1CCN(CCc2ccccc2)CC1,1
COC(=O)C1=C(C)NC(C)=C(C(=O)OC(C)C)[C@H]1c1cccc2nonc12,0
CN(C)CCN1C(=O)c2cccc3cc(NCc4ccc5c(c4)OCCO5)cc(c23)C1=O,1
NS(=O)(=O)c1cc2c(cc1Cl)N[C@H](CC1CCCC1)NS2(=O)=O,0
O=C(OCCN1CCN(c2cccc(C(F)(F)F)c2)CC1)c1ccccc1Nc1ccnc2cc(C(F)(F)F)ccc12,0
CC(C)N(CCCCOCC(=O)NS(C)(=O)=O)c1cnc(-c2ccccc2)c(-c2ccccc2)n1,0
CN1CCCN=C1/C=C/c1cccs1,0
COc1cc2c(cc1OC)[C@H]1C[C@@H](OC(=O)[C@@H](N)C(C)C)[C@H](CC(C)C)CN1CC2,0
S=c1[nH]c2ccccc2s1,0
Nc1nc(=O)c2nc(CNc3ccc(C(=O)N[C@@H](CCC(=O)O)C(=O)O)cc3)cnc2[nH]1,0
COc1cc(Cc2cnc(N)nc2N)cc(OC)c1OC,1
COCCCN1CCC(NC(=O)c2cc(Cl)c(N)c3c2OCC3)CC1,1
Cc1oncc1C(=O)Nc1ccc(C(F)(F)F)cc1,1
CCCNC[C@H](O)COc1ccccc1C(=O)CCc1ccccc1,1
C=CC(=O)N1CCC([C@@H]2CCNc3c(C(N)=O)c(-c4ccc(Oc5ccccc5)cc4)nn32)CC1,0
CN1C(C(=O)Nc2ccccn2)=C(O)c2sccc2S1(=O)=O,1
OCC1OC(OC2C(CO)O[C@](O)(CO)C2O)C(O)C(O)C1O,0
Cc1onc(-c2c(Cl)cccc2Cl)c1C(=O)N[C@H]1C(=O)N2[C@@H]1SC(C)(C)[C@@H]2C(=O)[O-],1
Cc1c(C(=O)NN2CCCCC2)nn(-c2ccc(Cl)cc2Cl)c1-c1ccc(Cl)cc1,0
CC1(C)NC(=O)N(c2ccc([N+](=O)[O-])c(C(F)(F)F)c2)C1=O,1
O=C1OCCN1/N=C/c1ccc([N+](=O)[O-])o1,1
OCc1cc([C@H](O)CNCCCCCCOCCCCc2ccccc2)ccc1O,0
CCN(CC)CCOC(=O)C1(C2CCCCC2)CCCCC1,1
CN1C(=O)C[C@H](c2ccccc2)C1=O,0
C[C@]12CCC(O)CC1=CCC1C2CC[C@]2(C)C(c3cccnc3)=CCC12,0
Oc1ccc(CCNCCCCCCNCCc2ccccc2)cc1O,0
CS(=O)(=O)c1ccc(C2=C(c3ccccc3)C(=O)OC2)cc1,1
COc1ccc2c3c1O[C@@H]1C(=O)CC[C@H]4[C@H](C2)N(C)CC[C@@]314,1
CCN1CCN(C(=O)N[C@@H](C(=O)N[C@H]2C(=O)N3[C@@H](C(=O)O)C(C)(C)S[C@@H]23)c2ccccc2)C(=O)C1=O,1
c1ccc(-c2ccc([C@@H](c3ccccc3)n3ccnc3)cc2)cc1,0
c1ccc(CN(CC2=NCCN2)c2ccccc2)cc1,0
CC(C)(C)c1cc(-c2cc(-c3ccc(C(=O)O)cc3)ccc2OCCO)ccc1N1CCCC1,0
Nc1ccc(S(=O)(=O)Nc2ccccn2)cc1,0
CC(C)C[C@H](NC(=O)[C@H](Cc1ccccc1)NC(=O)c1cnccn1)B(O)O,1
COc1cc2cc(C(=O)N3C[C@H]4C[C@@]45C3=CC(=O)c3[nH]c(C)c(C(=O)OCc4ccccc4)c35)[nH]c2c(OC)c1OC,1
COc1cc2c(Nc3ccc(Br)cc3F)ncnc2cc1OCC1CCN(C)CC1,1
Nc1nc(/C(=N/O)C(=O)N[C@@H]2C(=O)N3C(C(=O)O)=C(/C=C4\CCN([C@@H]5CCNC5)C4=O)CS[C@H]23)ns1,0
Oc1ccc2c3c1OC1C(O)CC[C@@]4(O)C(C2)N(CC2CCC2)CC[C@]314,0
CN(C)CCN1C(=O)c2cccc3cc(NC(=O)c4ccccc4)cc(c23)C1=O,1
CN1CCO[C@H](c2ccccc2)c2ccccc2C1,0
CN(CCN1CCC(OC(=O)Nc2ccccc2-c2ccccc2)CC1)C(=O)c1ccc(CN2CCC(C(N)=O)CC2)cc1,0
CCC[C@@H](N[C@@H](C)C(=O)N1[C@@H](C(=O)O)C[C@H]2CCCC[C@H]21)C(=O)O,1
C#Cc1cccc(Nc2ncnc3cc(OCCOC)c(OCCOC)cc23)c1,1
CO/N=C(\C(=O)N[C@@H]1C(=O)N2C(C(=O)O)=C(CSc3nnnn3C)CS[C@H]12)c1csc(N)n1,0
C[C@]12CCC(=O)C=C1CCC1C2C(O)C[C@@]2(C)C1CC[C@]2(O)C(=O)COC(=O)CCC1CCCC1,0
CCCCCCCC(=O)N[C@H](CN1CCCC1)[C@H](O)c1ccc2c(c1)OCCO2,0
Cc1ccc(-n2[nH]c(C)c(/N=N/c3cccc(-c4cccc(C(=O)O)c4)c3O)c2=O)cc1C,1
COc1cc(C)c2c(Oc3cccc(C(F)(F)F)c3)c(OC)cc(N[C@H](C)CCCN)c2n1,0
C=CCNc1nc(NCC=C)nc(N2CCN(C(c3ccc(F)cc3)c3ccc(F)cc3)CC2)n1,0
COc1cc2cc(C(=O)N3C[C@H]4C[C@@]45C3=CC(=O)c3[nH]c(C)c(C(=O)SCc4ccccc4)c35)[nH]c2c(OC)c1OC,1
CC(C)COc1ccc(CNC(=O)N(Cc2ccc(F)cc2)C2CCN(C)CC2)cc1,0
CN1[C@@H]2CC[C@H]1CC(OC(=O)c1c[nH]c3ccccc13)C2,0
O=C(N[C@@H](Cc1cc(=O)[nH]c2ccccc12)C(=O)O)c1ccc(Cl)cc1,0
O=C1NC(=S)NC(=O)C1C(=O)Nc1ccccc1,1
O=C(c1ccccc1)[C@@H](O)c1ccccc1,0
NS(=O)(=O)c1cc([C@@]2(O)NC(=O)c3ccccc32)ccc1Cl,1
NC(N)=NCCN1CCCCCCC1,0
CS(=O)(=O)CCNCc1ccc(-c2ccc3ncnc(Nc4ccc(OCc5cccc(F)c5)c(Cl)c4)c3c2)o1,1
O=C(O)c1ccccc1C(=O)Nc1ccc(S(=O)(=O)Nc2nccs2)cc1,0
CN1CC[C@@H](NC(=O)Nc2ccc(C#N)cc2)C[C@@H]1c1nc2ccccc2[nH]1,0
O=C(NCCNC[C@@H](O)COc1ccc(O)cc1)N1CCOCC1,0
CN(c1nccc(=O)[nH]1)C1CCN(c2nc3ccccc3n2Cc2ccc(F)cc2)CC1,0
Cc1cn(-c2cc(NC(=O)c3ccc(C)c(Nc4nccc(-c5cccnc5)n4)c3)cc(C(F)(F)F)c2)cn1,1
Cn1c(=O)c2[n-]cnc2n(C)c1=O,0
COc1ccc(-c2cc(=O)c3c(O)cc(O[C@@H]4O[C@H](CO[C@@H]5O[C@@H](C)[C@H](O)[C@@H](O)[C@H]5O)[C@@H](O)[C@H](O)[C@H]4O)cc3o2)cc1O,0
CN(C)CCOC(=O)[C@H](c1ccccc1)C1(O)CCCC1,0
COc1cc2cc(C(=O)N3C[C@H]4C[C@@]45C3=CC(=O)c3[nH]c(C)c(C(=O)Sc4ccc6ccccc6c4)c35)[nH]c2c(OC)c1OC,1
CCn1c(=O)c2c(nc(/C=C/c3ccc(OC)c(OC)c3)n2C)n(CC)c1=O,0
OC(c1ccccc1)(c1ccccc1)[C@@H]1CCCCN1,0
O=C1NCN(c2ccccc2)C12CCN(CCCC(c1ccc(F)cc1)c1ccc(F)cc1)CC2,0
CN1C(C(=O)Nc2ccccn2)=C(O)c2ccccc2S1(=O)=O,1
O=C(O)c1cccc(-c2noc(-c3ccccc3F)n2)c1,0
OC[C@H]1O[C@@H](c2ccc(Cl)c(Cc3ccc(O[C@H]4CCOC4)cc3)c2)[C@H](O)[C@@H](O)[C@@H]1O,0
C[C@H](COc1ccccc1)N(CCCl)Cc1ccccc1,0
O=C1C(O)=C(C2CCC(c3ccc(Cl)cc3)CC2)C(=O)c2ccccc21,0
N=C(Nc1ccccc1)Nc1ccccc1,0
CCCCc1nc(Cl)c(CO)n1Cc1ccc(-c2ccccc2-c2nnn[n-]2)cc1,1
O=C(O[C@H]1C[N+]2(CCCOc3ccccc3)CCC1CC2)C(O)(c1cccs1)c1cccs1,0
CN(C)C(=O)NC1CCC(CCN2CCN(c3cccc(Cl)c3Cl)CC2)CC1,0
CCn1ccc(NS(=O)(=O)c2ccc(N)cc2)nc1=O,0
C[C@H](S)C(=O)NCC(=O)O,1
C[N+](C)(C)CCCCCCCCCC[N+](C)(C)C,0
NC(=O)N[C@@H](CCC(=O)O)C(=O)O,0
CCCCON=O,1
CC/C=C\C/C=C\C/C=C\CCCCCCCC(=O)O,0
N[C@@H](CCC(=O)N[C@@H](CSSC[C@H](NC(=O)CC[C@H](N)C(=O)O)C(=O)NCC(=O)O)C(=O)NCC(=O)O)C(=O)O,0
O=C([O-])CC([O-])(CC(=O)[O-])C(=O)[O-],0
C[N+](C)(C)CCOC(=O)CCC(=O)OCC[N+](C)(C)C,0
CCC(=O)O,0
O=C[C@H](O)[C@@H](O)[C@H](O)CO,0
O=NN(CCCl)C(=O)NCCCl,1
C[C@H](O)CO,0
C[C@H](CC=O)CCCC(C)(C)O,0
O=C([O-])CN(CCN(CC(=O)[O-])CC(=O)O)CC(=O)O,0
CCCCCON=O,0
O=P([O-])([O-])OC[C@H](O)CO,0
CC(C)CON=O,1
O=P([O-])([O-])CP(=O)([O-])[O-],0
CCCCCCCCCCCCCCCCCC(=O)OC[C@@H](COP(=O)([O-])OCC[N+](C)(C)C)OC(=O)CCCCCCCCCCCCCCCCC,0
CC(=O)CCC(=O)[O-],0
CCCCCCCCCCCCCCCC(=O)OC[C@H](COP(=O)([O-])OC[C@H](O)CO)OC(=O)CCCCCCCCCCCCCCC,0
O=P([O-])([O-])OC(CO)CO,0
CC(C)(CO)[C@@H](O)C(=O)NCCCO,0
CCCC(CCC)C(=O)O,1
N[C@H](CO)C(=O)O,0
CCCCN(CCCC)C(=S)[S-],0
NCCCC(=O)O,0
N[C@@H](CSCC(=O)O)C(=O)O,0
CC/C=C\C/C=C\C/C=C\C/C=C\C/C=C\CCCC(=O)OCC,0
CCCC[C@H](CC)COC(=O)C[C@H](C(=O)OC[C@@H](CC)CCCC)S(=O)(=O)O,0
C[C@H](O)C(=O)O,0
O=C([O-])[C@@H](O)[C@@H](O)[C@H](O)[C@@H](O)C(=O)[O-],0
CCC[C@@](C)(COC(N)=O)COC(=O)NC(C)C,1
O=CC[C@@H](O)C=O,1
O=C([O-])O,0
CCCCCCCCCC[N+](C)(C)CCCCCCCCCC,0
CSCC[C@@H](N)C(=O)O,0
CCOC(=O)[C@H](CS)NCCN[C@@H](CS)C(=O)OCC,0
CCCCCCCCCCCCCC(=O)OC[C@@H](COP(=O)([O-])OCC[N+](C)(C)C)OC(=O)CCCCCCCCCCCCC,0
NC(=O)CC[C@H](N)C(=O)O,0
CCN(CC)C(=S)[S-],0
O=C(O)CN(CC(=O)O)CC(O)CN(CC(=O)O)CC(=O)O,0
O=P([O-])([O-])OC(CCO)CCO,0
C[N+](C)(C)C[C@H](O)CC(=O)O,1
C[C@H](O)CCO,0
C=C[C@H](N)CCC(=O)O,1
NC(=O)NO,1
O=C[C@H](O)[C@@H](O)[C@H](O)[C@H](O)CO,0
OCCN(CCO)CCO,0
CC(C)O,0
CCCCCCCCCCCCCCCCCC(=O)O,0
O=C(O)CN(CCN(CC(=O)O)CC(=O)O)CCN(CC(=O)O)CC(=O)O,0
O=C(O)CCCO,1
C[C@@H](O)[C@H](N)C(=O)O,0
OC[C@H](S)CS,1
CCCCCCCCCCCCCC(=O)OC(C)C,0
C[N+](C)(C)CCOC(N)=O,0
N[C@@H](CSSC[C@H](N)C(=O)O)C(=O)O,0
NCCCC[C@H](N)C(=O)O,0
COC(=O)CCC(=O)CN,1
CCCCC/C=C\C/C=C\CCCCCCCC(=O)O,0
O=C(O)CC(O)(CC(=O)O)C(=O)O,0
CCCCCCOC(=O)CCC(=O)CN,0
O=C([O-])[C@H](O)[C@H](O)[C@@H](O)[C@H](O)[C@H](O)CO,0
CC(=O)N[C@@H](C=O)[C@@H](O)[C@H](O)[C@H](O)CO,0
N[C@@H](CC/C(O)=N/[C@@H](CS)/C(O)=N/CC(=O)O)C(=O)O,0
CS(=O)(=O)OCCCCOS(C)(=O)=O,1
C[N+](C)(C)CC(=O)[O-],0
NC(N)=O,0
CC(=O)NCCCS(=O)(=O)O,1
CCCCCCCC[N+](C)(C)CCCCCCCC,0
C[N+](C)(C)CCO,0
O=C(O)CC[Ge](=O)O[Ge](=O)CCC(=O)O,1
CCCCCCCCCCCCCCCCCC[N+](C)(C)CCCCCCCCCCCCCCCCCC,0
N[C@@H](CC(=O)O)C(=O)O,0
CN[C@H](C)CCC=C(C)C,0
NCC(=O)[O-],0
CC(C)(CCCCCC(O)CCCCCC(C)(C)C(=O)O)C(=O)O,0
CCN(CC)C(=S)SSC(=S)N(CC)CC,0
CNC(=N)NCCC[C@H](N)C(=O)O,0
CCCCCCCCCCCC(=O)O,0
CCCCCCCCCCCCCCCC[N+](C)(C)C,0
CC/C=C\C/C=C\C/C=C\C/C=C\C/C=C\C/C=C\CCC(=O)O,0
CC(C)=CCC/C(C)=C/CO,0
N[C@@H](CCC(=O)O)C(=O)O,0
O=C([O-])[C@H](O)[C@@H](O)C(=O)[O-],0
NC(N)=S,1
CCCO,0
COCCNC(=O)CN(CCN(CCN(CC(=O)[O-])CC(=O)NCCOC)CC(=O)[O-])CC(=O)[O-],0
O=C(O)CCCCCCCC(=O)O,0
C[N+](C)(C)C[C@H](O)CC(=O)[O-],0
NCCC[C@](N)(C(=O)O)C(F)F,1
O=C(O)CSC(SCC(=O)O)SCC(=O)O,0
O=C([O-])/C=C/C(=O)[O-],0
COCCOCCCCCC(=O)NCCCC[C@H](N)C(=O)O,0
CC/C=C\C/C=C\C/C=C\C/C=C\C/C=C\CCCCC(=O)O[C@H](COC(=O)CCC/C=C\C/C=C\C/C=C\C/C=C\C/C=C\CC)CO[P@](=O)(O)OC[C@@H](N)C(=O)O,0
CC(=O)O[C@H](CC(=O)[O-])C[N+](C)(C)C,0
NCC(=O)CCC(=O)O,1
CC(C)[C@H](N)C(=O)O,0
O=S(=O)(O)CCS,1
CCCCCCCC/C=C\CCCCCCCC(=O)O,0
CCCCCCCCCCCCCCCCO,0
CCCCCCC(=O)OCC(COC(=O)CCCCCC)OC(=O)CCCCCC,0
CN(C)C(=N)NC(=N)N,1
CS(=O)(=O)OC[C@@H](O)[C@@H](O)[C@H](O)[C@H](O)COS(C)(=O)=O,0
O=C(O)C(Cl)Cl,0
CCCCCCCCCCCCCCCCCCCC(=O)O,1
CN(C)CCOc1ccccc1Cc1ccccc1,0
CCCOc1cc(N)ccc1C(=O)OCCN(CC)CC,0
CN(C)CCOC(c1ccccc1)c1ccccc1,1
CCOC(=O)c1ccc(O)cc1,0
Nc1ccncc1N,0
C/C=C/C(=O)N(CC)c1ccccc1C,0
O=P(O)(O)C(O)(Cc1cccnc1)P(=O)(O)O,0
Oc1ccc(Cl)cc1,0
CCOC(=O)CCCCCCCC[C@H](C)c1ccccc1I,0
COc1ccccc1OC[C@H](O)COC(N)=O,0
CCCCCC(=O)O[C@]1(C(C)=O)CCC2C3CCC4=CC(=O)CC[C@]4(C)C3CC[C@@]21C,0
O=C(O)CCCc1ccccc1,1
CCOP(=O)(OCC)O/C(=C\Cl)c1ccc(Cl)cc1Cl,1
CN[C@@H](C)[C@@H](O)c1ccccc1,0
CCCCCc1ccc(C)cc1O,0
COc1ccc(OC)c([C@@H](O)[C@H](C)N)c1,0
CC1CC2C3CC(F)C4=CC(=O)C=C[C@]4(C)[C@@]3(F)C(O)C[C@]2(C)[C@@]1(O)C(=O)CCl,0
COC(=O)c1ccc(O)cc1,0
CN(C)CCN1C(=O)c2cccc3cc(NC(=O)NC(=O)CCl)cc(c23)C1=O,1
Cc1cc(O)cc(C)c1Cl,0
C/C(O)=C(/C#N)C(=O)Nc1ccc(C(F)(F)F)cc1,1
CC1CC2C3CC(F)C4=CC(=O)C=C[C@]4(C)[C@@]3(F)C(O)C[C@]2(C)[C@@]1(O)C(=O)CO,0
N[C@@H](Cc1ccccc1)C(=O)O,0
CN(C)CCN1C(=O)c2cccc3cc(NC(=O)C(F)(F)F)cc(c23)C1=O,1
CC(C)(C)CC(=O)OCC(=O)[C@@]1(O)CCC2C3CCC4=CC(=O)C=C[C@]4(C)C3C(O)C[C@@]21C,0
C[C@]12CCC(=O)C=C1CCC1C3CC[C@](O)(C(=O)CO)[C@@]3(C)CC(O)[C@@]12F,0
CC(=O)Nc1c(I)c(C(=O)O)c(I)c(C(=O)NCCO)c1I,0
CCCCCCCCCCCC[N+](C)(C)CCOc1ccccc1,0
CC(=O)OCC(=O)[C@@]1(O)C(C)CC2C3CC(F)C4=CC(=O)C=C[C@]4(C)C3C(O)C[C@@]21C,0
CCCC(=O)Nc1c(I)cc(I)c(C[C@@H](CC)C(=O)O)c1I,0
NC(=O)NC(=O)Cc1ccccc1,0
COc1cc2cc(C(=O)N3C[C@H]4C[C@@]45C3=CC(=O)c3[nH]c(C)c(C)c35)[nH]c2c(OC)c1OC,1
Oc1ccc(O)cc1,0
CN(C[C@H](O)CO)C(=O)c1c(I)c(NC(=O)C(CO)CO)c(I)c(C(=O)N(C)C[C@H](O)CO)c1I,0
CCCN(CC)[C@@H](CC)C(=O)Nc1c(C)cccc1C,0
CCCCC/C(C=O)=C/c1ccccc1,0
COc1cc2cc(C(=O)N3C[C@H]4C[C@@]45C3=CC(=O)c3[nH]c(C)c(C(=O)OCCS(C)(=O)=O)c35)[nH]c2c(OC)c1OC,1
COC(=O)c1cccnc1,0
C/C=C/c1ccc(OC)cc1,0
CC[C@H](C(=O)O)c1ccccc1,1
C=CCOC(=O)c1c(C)[nH]c2c1[C@@]13C[C@@H]1CN(C(=O)c1cc4cc(OC)c(OC)c(OC)c4[nH]1)C3=CC2=O,1
CCCCCCCCc1ccc(CCC(N)(CO)CO)cc1,1
CC(C)NC[C@H](O)c1ccc(NS(C)(=O)=O)cc1,1
Nc1ccc(C(=O)O)cc1,0
OC[C@H](O)COc1ccc(Cl)cc1,0
CCCCOCc1ccc(O)c(OC)c1,0
O=C([O-])c1ccccc1O,0
COCC(=O)Nc1c(I)c(C(=O)NC[C@H](O)CO)c(I)c(C(=O)N(C)C[C@H](O)CO)c1I,0
C[C@]12CCC(=O)C=C1CCC1C2C(O)C[C@@]2(C)C1CC[C@]2(O)C(=O)COC(=O)CCC(=O)[O-],1
CC1CC2C3CCC4=CC(=O)C=C[C@]4(C)[C@@]3(F)C(O)C[C@]2(C)C1C(=O)CO,0
CO[P@@](=S)(NC(C)C)Oc1ccc(Cl)cc1Cl,0
CC[C@H](Cc1c(I)cc(I)c(N)c1I)C(=O)O,1
CC(C)C(=O)O[C@H](C)OC(=O)NCC1(CC(=O)O)CCCCC1,0
CO/N=C(\C(=O)N[C@@H]1C(=O)N2C(C(=O)[O-])=C(COC(C)=O)CS[C@H]12)c1csc(N)n1,1
C=CC1=C(C(=O)O)N2C(=O)[C@@H](NC(=O)/C(=N/OCC(=O)O)c3csc(N)n3)[C@H]2SC1,1
CC(=O)Oc1ccc2c(c1)CCC1C2CC[C@]2(C)C(O)CCC12,0
O=C[C@H](O)[C@@H](O)[C@@H](CO)O[C@@H]1O[C@H](CO)[C@H](O)[C@H](O)[C@H]1O,0
CCCCOc1cc(C(=O)NCCN(CC)CC)c2ccccc2n1,0
COc1cc(N[C@H](C)CCCN2C(=O)CN(C(=O)[C@H](C)N)C2(C)C)c2ncccc2c1,1
CN1C(=O)[C@H](O)N=C(c2ccccc2Cl)c2cc(Cl)ccc21,0
C=C1CCC(O)C/C1=C/C=C1\CCC[C@@]2(C)C1CCC2C(C)CCCC(C)(C)O,0
CN(C)CCCN1c2ccccc2Sc2ccc(Cl)cc21,1
O=c1[nH]c(=O)n([C@@H]2CCCO2)cc1F,0
N[C@@H](Cc1cc(I)c(Oc2ccc(O)c(I)c2)c(I)c1)C(=O)O,0
CCCCNc1cc(C(=O)O)cc(S(N)(=O)=O)c1Oc1ccccc1,1
Cc1ccc(C(=O)c2cc(O)c(O)c([N+](=O)[O-])c2)cc1,1
CCC(=O)OCCNC(=O)C[n+]1ccccc1,0
CCN(CC)CCN1C(=O)CN=C(c2ccccc2F)c2cc(Cl)ccc21,1
Cc1ccc(Nc2c(F)cccc2Cl)c(CC(=O)O)c1,0
C[S+](CC[C@H](N)C(=O)[O-])C[C@H]1O[C@@H](n2cnc3c(N)ncnc32)[C@H](O)[C@@H]1O,0
CC1=C(/C=C/C(C)=C\C=C\C(C)=C\C(=O)O)C(C)(C)CCC1,0
COc1ccc(/C=C/C(=O)N2C[C@@H]3C[C@@]34C2=CC(=O)c2[nH]c(C)c(Cl)c24)cc1,1
CC1(C)OC2CC3C4CC(F)C5=CC(=O)C=C[C@]5(C)[C@@]4(F)C(O)C[C@]3(C)[C@]2(C(=O)CO)O1,0
OCCOc1ccc(/C(=C(/CCCl)c2ccccc2)c2ccccc2)cc1,0
CC(=O)C1CCC2C3CCC4CC(O)CC[C@]4(C)C3CC[C@]12C,0
O=c1[nH]c(=O)n([C@H]2C[C@H](O)[C@@H](CO)O2)cc1/C=C/Br,0
COc1ccc2c3c1OC1C(=O)CC[C@@]4(O)C(C2)N(C)CC[C@]314,0
NS(=O)(=O)c1cc2c(cc1Cl)N[C@@H](C(Cl)Cl)NS2(=O)=O,1
CC(C)(C)C(=O)OCOC(=O)[C@@H]1N2C(=O)[C@@H](NC(=O)[C@H](N)c3ccccc3)[C@H]2SC1(C)C,0
CCCC(=O)c1ccc2c(c1)N(CCCN1CCN(C)CC1)c1ccccc1S2,0
CC(C)[C@@H](N)C(=O)OCCOCn1cnc2c(=O)nc(N)[nH]c21,1
CCCCC/N=C(\N)N/N=C/c1c[nH]c2ccc(OC)cc12,1
O=C(O)c1cc(-c2ccc(F)cc2F)ccc1O,1
CNCC[C@@H](Oc1ccccc1C)c1ccccc1,0
Cc1cc(C)nc(NS(=O)(=O)c2ccc(N)cc2)n1,0
COc1ccc(/C=C/C(=O)N2C[C@@H]3C[C@]34C2=CC(=O)c2[nH]c(C)c(CN(C)C)c24)cc1,1
OCCN1CCN(CC/C=C2\c3ccccc3Sc3ccc(Cl)cc32)CC1,1
CCCCC[C@](C)(O)/C=C/C1C(O)CC(O)C1C/C=C\CCCC(=O)O,0
Cn1c(=O)c2[nH]cnc2n(C)c1=O,0
CC1CC2C3CCC4=CC(=O)C=C[C@]4(C)[C@@]3(F)C(=O)C[C@]2(C)[C@@]1(O)C(=O)CCl,0
COCCOC(=O)C1=C(C)NC(C)=C(C(=O)OC(C)C)[C@H]1c1cccc([N+](=O)[O-])c1,1
CN(C)CCN1C(=O)c2cccc3cc(NC(=O)Nc4ccc(OC(F)(F)F)cc4)cc(c23)C1=O,1
CN(C)c1ccc(C(=C2C=CC(=[N+](C)C)C=C2)c2ccc(N(C)C)cc2)cc1,0
CC[N+](C)(CC)CCOC(=O)[C@](O)(c1ccccc1)C1CCCCC1,0
Nc1ccc(C(=O)Oc2ccccc2)c(O)c1,0
CNc1ccc(/C=C/c2ccc(OCCOCCOCCF)cc2)cc1,0
C[C@@H](N[C@H](CCc1ccccc1)C(=O)O)C(=O)N1Cc2ccccc2C[C@@H]1C(=O)O,1
CN(C)CC[C@@H](c1ccccc1)c1ccccn1,0
OCC1O[C@@](O)(CO)C(O)C1O,0
Cc1cc(C(C)(C)C)c(O)c(C)c1CC1=NCCN1,0
Cn1nnnc1SCC1=C(C(=O)O)N2C(=O)[C@@H](NC(=O)[C@H](OC=O)c3ccccc3)[C@H]2SC1,0
NC(=O)c1nc(F)cnc1O,0
CC(C)[C@@H]1CC[C@H](C)C[C@@H]1OC(=O)c1ccccc1N,0
COc1cc2c(c(OC)c1OC)-c1ccc(OC)c(=O)cc1[C@@H](N)CC2,1
CCN1CCC[C@H]1CNC(=O)c1cc(S(=O)(=O)CC)ccc1OC,0
CCOC(=O)N1CCC(=C2c3ccc(Cl)cc3CCc3cccnc32)CC1,1
CN(C)CCCN1c2ccccc2CCc2ccccc21,1
CN(C)CCN1C(=O)c2cccc3cc(/N=C/c4cc(O)ccc4O)cc(c23)C1=O,1
CC(C)(C)C(=O)OCOP(=O)(COCCn1cnc2c(N)ncnc21)OCOC(=O)C(C)(C)C,0
Cc1c(C)c2c(c(C)c1O)CC[C@@](C)(CCCC(C)CCCC(C)CCCC(C)C)O2,0
O=C1CC[C@@H](C(=O)O)N1,0
CN(C)CCN1C(=O)c2cccc3cc(NC(=S)Nc4ccc(OC(F)(F)F)cc4)cc(c23)C1=O,1
CN(C)CC/C=C1/c2ccccc2COc2ccccc21,1
COc1cc2cc(C(=O)N3C[C@@H]4C[C@]45C3=CC(=O)c3[nH]c(C)c(C(=O)NCCN(C)C)c35)[nH]c2c(OC)c1OC,1
C[C@H](Cc1ccc(O)cc1)NC[C@H](O)c1cc(O)cc(O)c1,0
C#C[C@]1(O)CCC2C3CCC4=CCCCC4C3CC[C@@]21C,0
CCNC(=O)CCC/C=C\C[C@@H]1[C@@H](/C=C/[C@@H](O)CCc2ccccc2)[C@H](O)C[C@@H]1O,0
C#C[C@]1(O)CCC2C3CCC4=C/C(=N/O)CCC4C3CC[C@@]21CC,0
CSc1ccc2c(c1)N(CC[C@H]1CCCCN1C)c1ccccc1S2,1
O=C([O-])c1cc(=O)c2c(OCC(O)COc3cccc4oc(C(=O)[O-])cc(=O)c34)cccc2o1,1
CN(C)CCN1C(=O)c2cccc3cc(NCc4cc5c(cc4[N+](=O)[O-])OCO5)cc(c23)C1=O,1
N=c1ccn2c(n1)O[C@H]1[C@H](O)[C@@H](CO)O[C@H]12,1
CCCC[N+]1(C)[C@@H]2CC(OC(=O)[C@H](CO)c3ccccc3)C[C@H]1[C@@H]1O[C@H]12,0
S=c1nc[nH]c2nc[nH]c12,0
COc1ncnc(NS(=O)(=O)c2ccc(N)cc2)c1OC,0
Cc1nnc2n1-c1ccc(Cl)cc1C(c1ccccc1Cl)=NC2,0
CC(=O)OCC1=C(C(=O)O)N2C(=O)[C@@H](NC(=O)[C@H](N)c3ccccc3)[C@H]2SC1,0
OCC1OC(O[C@]2(CO)OC(CO)C(O)C2O)C(O)C(O)C1O,0
C[C@H](CCc1ccccc1)N[C@H](C)[C@H](O)c1ccc(O)cc1,0
O=C(O)CCNC(=O)c1ccc(N/N=C2\C=CC(=O)C(C(=O)O)=C2)cc1,1
COc1ccc2c(c1)c(CC(=O)O)c(C)n2C(=O)c1ccc(Cl)cc1,1
CN1[C@@H]2CC[C@H]1CC(OC(=O)[C@H](O)c1ccccc1)C2,0
CC1=C(/C=C/C(C)=C/C=C/C(C)=C/C=C/C=C(C)/C=C/C=C(C)/C=C/C2=C(C)C[C@@H](O)CC2(C)C)C(C)(C)C[C@H](O)C1,0
Cc1cc(C)c(/C=C2\C(=O)Nc3ccccc32)[nH]1,1
CCCCc1oc2ccccc2c1C(=O)c1cc(I)c(OCCN(CC)CC)c(I)c1,1
CCCCC[C@H](O)/C=C/[C@H]1[C@H](O)CC(=O)[C@@H]1C/C=C\CCCC(=O)O,0
Cc1ccc(/C(=C\CN2CCCC2)c2ccccn2)cc1,0
O=C(CCC/C=C\C[C@@H]1[C@@H](CC[C@@H](O)CCc2ccccc2)[C@H](O)C[C@@H]1O)OCCCCO[N+](=O)[O-],0
O=C(OCc1ccccc1)c1ccccc1,0
COc1cc(NS(C)(=O)=O)ccc1Nc1c2ccccc2nc2ccccc12,1
Cn1c(CCCC(=O)O)nc2cc(N(CCCl)CCCl)ccc21,1
O=S(=O)(O)Oc1ccc(C(c2ccc(OS(=O)(=O)O)cc2)c2ccccn2)cc1,0
CN(C)CCN1C(=O)c2cccc3cc(NC(=O)Cc4ccc(Cl)cc4)cc(c23)C1=O,1
C=C1/C(=C/C=C2\CCC[C@@]3(C)C2CCC3C(C)CCCC(C)(C)O)CC(O)CC1O,0
CCCN[C@@H](C)C(=O)Nc1c(C)csc1C(=O)OC,0
CNC1C(O)C(OC2C(NC(=O)C(O)CCN)CC(N)C(OC3OC(CNCCO)=CCC3N)C2O)OC[C@]1(C)O,0
Cc1onc(-c2c(Cl)cccc2Cl)c1C(=O)N[C@@H]1C(=O)N2[C@@H]1SC(C)(C)[C@@H]2C(=O)O,0
CCCc1nc(C(C)(C)O)c(C(=O)O)n1Cc1ccc(-c2ccccc2-c2nn[nH]n2)cc1,1
CCCCCCCCCCCCCCCC[N+](C)(C)CCN(Cc1ccc(OC)cc1)c1ncccn1,0
CC#C[C@]1(O)CCC2C3CCC4=CC(=O)CCC4=C3C(c3ccc(N(C)C)cc3)C[C@@]21C,0
CC1CC2C3CC(F)C4=CC(=O)C=C[C@]4(C)[C@@]3(F)C(O)C[C@]2(C)[C@@]1(OC(=O)c1ccco1)C(=O)SCF,0
O=C1CC[C@@H](N2C(=O)c3ccccc3C2=O)C(=O)N1,1
COC(=O)[C@H]1[C@H]2C[C@@H]3c4[nH]c5cc(OC)ccc5c4CCN3C[C@H]2C[C@@H](OC(=O)c2cc(OC)c(OC)c(OC)c2)[C@@H]1OC,0
COC1=C(OC)C(=O)C(CCCCCCCCCCCCO)=C(C)C1=O,0
CC(=O)OC1CC(OC2C(O)CC(OC3C(O)CC(OC4CC[C@@]5(C)C(CCC6C5CC[C@]5(C)C(C7=CC(=O)OC7)CC[C@]65O)C4)OC3C)OC2C)OC(C)C1O,0
CC(=O)N(c1onc(C)c1C)S(=O)(=O)c1ccc(N)cc1,0
CC[N+](C)(CC)CCOC(=O)C1c2ccccc2Oc2ccccc21,0
Cc1onc(-c2ccccc2)c1C(=O)N[C@H]1C(=O)N2[C@@H](C(=O)O)C(C)(C)S[C@@H]12,1
CC(=O)C1CCC2C3CC=C4CC(O)CC[C@]4(C)C3CC[C@]12C,0
CC[C@]1(O)CC2CN(CCc3c([nH]c4ccccc34)[C@@](C(=O)OC)(c3cc4c(cc3OC)N(C)C3[C@@](O)(C(N)=O)C(O)[C@]5(CC)C=CCN6CC[C@]43C65)C2)C1,0
CC(C)OC(=O)CCC/C=C\C[C@@H]1[C@@H](/C=C/[C@@H](O)COc2cccc(C(F)(F)F)c2)[C@H](O)C[C@@H]1O,0
Cc1cc2nc3c(=O)[nH]c(=O)nc-3n(C[C@H](O)[C@H](O)[C@H](O)COP(=O)(O)O)c2cc1C,0
Cc1nc2n(c(=O)c1CCN1CCC(c3noc4cc(F)ccc34)CC1)CCC[C@H]2O,1
CCCOC(=O)Cn1cc(I)c(=O)c(I)c1,0
CN(C)CC/C=C1/c2ccccc2CSc2ccccc21,1
O=C([O-])CN1CCN(CC(=O)[O-])CCN(CC(=O)O)CCN(CC(=O)[O-])CC1,0
CN(C)CCN(Cc1ccccc1)c1ccccn1,0
CC(=O)O[C@]1(C(C)=O)CCC2C3C=C(C)C4=CC(=O)CC[C@]4(C)C3CC[C@@]21C,0
CC1=C(C/C=C(\C)CCC[C@H](C)CCC[C@H](C)CCCC(C)C)C(=O)c2ccccc2C1=O,1
O=C(O)[C@@H]1C[C@@H](C2CCCCC2)CN1C(=O)C[P@](=O)(O)CCCCc1ccccc1,1
Clc1ccc(CO[C@@H](Cn2ccnc2)c2ccc(Cl)cc2Cl)c(Cl)c1,1
C=CCC1(C[C@H](C)O)C(=O)NC(=O)NC1=O,0
Nc1cc(Cl)c(NC2=NCCN2)c(Cl)c1,0
CCN1CCN(C(=O)N[C@@H](C(=O)N[C@@H]2C(=O)N3C(C(=O)O)=C(CSc4nnnn4C)CS[C@H]23)c2ccc(O)cc2)C(=O)C1=O,1
CCOc1ccccc1OCCN[C@H](C)Cc1ccc(OC)c(S(N)(=O)=O)c1,0
Cc1c(N(C)CS(=O)(=O)[O-])c(=O)n(-c2ccccc2)n1C,1
C#C[C@]1(O)CCC2C3C(C)CC4=C(CCC(=O)C4)C3CC[C@@]21C,0
CCOc1ccc(Cc2cc([C@@H]3O[C@H](SC)[C@@H](O)[C@H](O)[C@H]3O)ccc2Cl)cc1,0
COc1cc2cc(C(=O)N3C[C@@H]4C[C@@]45C3=CC(=O)c3[nH]c(C)c(/C=N/O)c35)[nH]c2c(OC)c1OC,1
Cn1c(CNc2ccc(C(=N)N)cc2)nc2cc(C(=O)N(CCC(=O)O)c3ccccn3)ccc21,1
O=C(O)c1cc(/N=N/c2ccc(O)c(C(=O)O)c2)ccc1O,1
CC1(C)S[C@@H]2[C@@H](NC(=O)[C@@H](N)c3ccccc3)C(=O)N2[C@@H]1C(=O)[O-],1
NC[C@H]1O[C@H](O[C@H]2[C@H](O)[C@@H](O[C@H]3O[C@H](CO)[C@@H](O)[C@H](N)[C@H]3O)[C@H](N)C[C@@H]2N)[C@H](O)[C@@H](O)[C@@H]1O,0
CC1(C)S[C@@H]2[C@H](NC(=O)[C@H](NC(=O)N3CCNC3=O)c3ccccc3)C(=O)N2[C@H]1C(=O)O,0
C[C@@H](Oc1ccccc1)C(=O)N[C@@H]1C(=O)N2[C@@H]1SC(C)(C)[C@@H]2C(=O)O,0
CN1CC[C@]23CCCCC2C1Cc1ccc(O)cc13,0
NC(=O)c1ncn2c(=O)n(CCCl)nnc12,1
CC(C)(O/N=C(\C(=O)N[C@@H]1C(=O)N2C(C(=O)[O-])=C(C[n+]3ccccc3)CS[C@H]12)c1csc(N)n1)C(=O)O,0
NNc1nnc(NN)c2ccccc12,0
O=C1c2ccccc2C(=O)C1c1ccc(F)cc1,0
CCN(CC)C(=O)[C@@]1(c2ccccc2)CC1CN,0
OCCOCCN1CCN([C@H](c2ccccc2)c2ccc(Cl)cc2)CC1,0
COc1ccc(CCN(C)CCC[C@](C#N)(c2ccc(OC)c(OC)c2)C(C)C)cc1OC,1
CCCCCCCCCCCC(=O)OCN1C(=O)CCc2ccc(OCCCCN3CCN(c4cccc(Cl)c4Cl)CC3)cc21,0
CN1CCN(C2=Nc3ccccc3Sc3ccc(Cl)cc32)CC1,0
CN(C)CCN1C(=O)c2cccc3cc(/N=C/c4cc5c(cc4[N+](=O)[O-])OCO5)cc(c23)C1=O,1
NC[C@@H]1O[C@H](O[C@H]2[C@@H](O)[C@H](O[C@@H]3[C@@H](O)[C@H](N)C[C@H](N)[C@H]3O[C@H]3O[C@H](CN)[C@@H](O)[C@H](O)[C@H]3N)O[C@@H]2CO)[C@H](N)[C@@H](O)[C@@H]1O,0
COc1cc2cc(C(=O)N3C[C@@H](CCl)c4c3cc(O)c3[nH]c(C)c(CN(C)C)c43)[nH]c2c(OC)c1OC,1
Nc1nc(/C(=C/CC(=O)O)C(=O)N[C@@H]2C(=O)N3C(C(=O)O)=CCS[C@H]23)cs1,0
Cc1onc(-c2ccccc2)c1-c1ccc(S(N)(=O)=O)cc1,1
Nc1ccc(S(=O)(=O)c2ccc(N)cc2)cc1,1
O=C(CCCN1CCC(O)(c2ccc(Br)cc2)CC1)c1ccc(F)cc1,0
NC(=O)N/N=C/c1ccc([N+](=O)[O-])o1,0
Cc1cc2cc3c(C)cc(=O)oc3c(C)c2o1,0
CCOc1ccc(C[C@H]2NC(=O)CCSSC[C@@H](C(=O)N3CCC[C@H]3C(=O)N[C@@H](CCCN)C(=O)NCC(N)=O)NC(=O)[C@H](CC(N)=O)NC(=O)[C@H]([C@@H](C)O)NC(=O)[C@H]([C@@H](C)CC)NC2=O)cc1,0
C=CCC1([C@@H](C)CCC)C(=O)NC(=S)NC1=O,0
O=C(O)[C@@H]1O[C@H](O[C@H]2[C@@H](O)[C@@H](NS(=O)(=O)O)[C@@H](O)O[C@H]2COS(=O)(=O)O)[C@@H](OS(=O)(=O)O)[C@@H](O)[C@H]1O,1
CO/N=C(/C(=O)N[C@@H]1C(=O)N2C(C(=O)[O-])=C(COC(N)=O)CS[C@H]12)c1ccco1,1
Cc1cnc(NC(=O)C2=C([O-])c3ccccc3S(=O)(=O)N2C)s1,1
C[N+](C)(C)CCOP(=O)([O-])O[P@](=O)(O)OC[C@H]1O[C@@H](n2ccc(N)nc2=O)[C@H](O)[C@@H]1O,0
O=C1NC(=O)C(c2ccccc2)(c2ccccc2)N1,1
Cc1cccc(CN2CCN([C@H](c3ccccc3)c3ccc(Cl)cc3)CC2)c1,0
CNC(=O)c1cc(Oc2ccc(NC(=O)Nc3ccc(Cl)c(C(F)(F)F)c3)cc2)ccn1,1
CO/N=C(\C(=O)N[C@@H]1C(=O)N2C(C(=O)O)=C(CSc3nc(=O)c(=O)[nH]n3C)CS[C@H]12)c1csc(N)n1,0
CNS(=O)(=O)CCc1ccc2[nH]cc(C3CCN(C)CC3)c2c1,1
OCc1cc([C@@H](O)CNCCCCCCOCCOCc2c(Cl)cccc2Cl)ccc1O,0
CC[N+](CC)(CCNC(=O)C(=O)NCC[N+](CC)(CC)Cc1ccccc1Cl)Cc1ccccc1Cl,0
Nc1nc(CC(=O)Nc2ccc(CCNC[C@H](O)c3ccccc3)cc2)cs1,0
C#C[C@]1(O)CCC2C3CCC4=CC(=O)CCC4=C3C=C[C@@]21CC,0
O=C(/C=C/c1cccc(S(=O)(=O)Nc2ccccc2)c1)NO,0
Cc1cnc(C(=O)O)c[n+]1[O-],0
O=c1[nH]c2ccccc2n1CCCN1CCN(C(c2ccccc2)c2ccccc2)CC1,0
CN1CCC(=C2c3ccccc3Sc3ccccc32)CC1,0
CCOc1nc2cccc(C(=O)O[C@H](C)OC(=O)OC3CCCCC3)c2n1Cc1ccc(-c2ccccc2-c2nn[nH]n2)cc1,1
CCOC(=O)c1cncn1[C@H](C)c1ccccc1,0
CCOC(=O)c1ccc(C#Cc2ccc3c(c2)C(C)(C)CCS3)nc1,0
Nc1ccc2cc3ccc(N)cc3nc2c1,0
c1ccc2c(c1)CCc1ccccc1N2[C@@H]1CN2CCC1CC2,0
O=c1[nH]c2ccccc2n1C1CCN(CCCC(c2ccc(F)cc2)c2ccc(F)cc2)CC1,1
COc1cc(C(=O)NCc2ccc(OCCN(C)C)cc2)cc(OC)c1OC,0
O=C(O)CCCC[C@@H]1SC[C@@H]2NC(=O)N[C@@H]21,0
O=c1n(CCCN2CCN(c3cccc(Cl)c3)CC2)nc2ccccn12,1
NS(=O)(=O)c1cc(C(=O)O)c(NCc2ccco2)cc1Cl,1
CO[C@]1(NC(=O)Cc2cccs2)C(=O)N2C(C(=O)[O-])=C(COC(N)=O)CS[C@@H]21,1
CC(=O)OC1CC2CCC3C(CC[C@@]4(C)C3CC(N3CC[N+](C)(C)CC3)C4OC(C)=O)[C@@]2(C)CC1N1CC[N+](C)(C)CC1,0
Nc1ccc(S(=O)(=O)Nc2nccs2)cc1,0
Clc1ccc(CCCOCCCN2CCCCC2)cc1,0
O=c1[nH]cnc2c1ncn2[C@@H]1O[C@H](CO)[C@@H](O)[C@H]1O,0
CCCCC/N=C(\N)NN/C=C1\C=Nc2ccc(CO)cc21,1
C[C@H](C(=O)O)c1ccc(C(=O)c2ccccc2)s1,0
CCN(CC)Cc1cc(Nc2ccnc3cc(Cl)ccc23)ccc1O,1
CC1(C)C(OC2OC(C(=O)O)C(O)C(O)C2OC2OC(C(=O)O)C(O)C(O)C2O)CC[C@@]2(C)C1CC[C@]1(C)C2C(=O)C=C2C3C[C@@](C)(C(=O)O)CC[C@]3(C)CC[C@]21C,0
Cc1ccc(=O)n(-c2ccccc2)c1,0
C=C1[C@H](CO)[C@@H](O)C[C@@H]1n1cnc2c(=O)[nH]c(N)nc21,1
CC1(C)S[C@@H]2[C@H](NC(=O)[C@H](N)c3ccccc3)C(=O)N2[C@H]1C(=O)OCOC(=O)[C@@H]1N2C(=O)C[C@H]2S(=O)(=O)C1(C)C,0
C[C@@H]1[C@@H](NC(=O)/C(=N/OC(C)(C)C(=O)O)c2csc(N)n2)C(=O)N1S(=O)(=O)O,1
CN(C)CCc1c[nH]c2ccc(CS(=O)(=O)N3CCCC3)cc12,0
COc1cc2nc(N3CCN(C(=O)[C@@H]4COc5ccccc5O4)CC3)nc(N)c2cc1OC,1
Clc1ccc2nsnc2c1NC1=NCCN1,1
CC[C@@]1(c2ccccc2)C(=O)NC(=O)N(C)C1=O,0
O=C(C1CCCCC1)N1CC(=O)N2CCc3ccccc3[C@H]2C1,1
CC(=O)N[C@@H]1[C@@H](O[C@@H]2O[C@H](C(=O)O)[C@@H](O[C@@H]3O[C@H](CO)[C@@H](O)[C@H](O[C@@H]4O[C@H](C(=O)O)[C@@H](O)[C@H](O)[C@H]4O)[C@H]3NC(C)=O)[C@H](O)[C@H]2O)[C@H](O)[C@@H](CO)O[C@H]1O,0
Cc1cc(C(=O)NNCc2ccccc2)no1,0
Cc1cccc(Nc2ccncc2S(=O)(=O)NC(=O)NC(C)C)c1,1
O=C(O)C1=C/C(=N/Nc2ccc(S(=O)(=O)Nc3ccccn3)cc2)C=CC1=O,1
CN1[C@@H]2CC[C@H]1CC(OC(c1ccccc1)c1ccccc1)C2,0
C/N=C1\CN(O)C(c2ccccc2)=c2cc(Cl)ccc2=N1,1
O=C1/C(=C2\Nc3ccc(S(=O)(=O)O)cc3C2=O)Nc2ccc(S(=O)(=O)O)cc21,0
COc1cc2cc(C(=O)N3C[C@@H]4C[C@]45C3=CC(=O)c3[nH]c(C)c(C(=O)N4CCN(C)CC4)c35)[nH]c2c(OC)c1OC,1
COc1ccc2c3c1O[C@@H]1[C@@H](O)C=C[C@H]4[C@H](C2)N(C)CC[C@@]314,1
CN1CCN(c2ccc(C(=O)Nc3n[nH]c4ccc(Cc5cc(F)cc(F)c5)cc34)c(NC3CCOCC3)c2)CC1,0
Clc1ccc([C@H](Cn2ccnc2)OCc2ccsc2Cl)c(Cl)c1,0
C[C@@]12CCCCCC(Cc3ccc(O)cc31)C2N,0
C[C@]12CCC3C(CCC4=CC(=O)CC[C@@]43C)C1CCC2OC(=O)CCC1CCCC1,0
FC(F)(F)c1cccc(N2CCN(CCc3nnc4n3C[C@@H]3CCC[C@H]43)CC2)c1,0
O[C@](CCN1CCCCC1)(c1ccccc1)[C@@H]1C[C@H]2C=C[C@H]1C2,0
CC[C@@]1(C)OC(=O)N(C)C1=O,0
Clc1ccc([C@H](Cn2ccnc2)OCc2csc3c(Cl)cccc23)c(Cl)c1,0
CCOC(=O)[N-]c1c[n+](N2CCOCC2)no1,0
CN1/C(=C(\[O-])Nc2ccccn2)C(=O)c2sccc2S1(=O)=O,1
C1CCC(C(C[C@@H]2CCCCN2)C2CCCCC2)CC1,0
C=C1CC2C3CCC4=CC(=O)CCC4C3CC[C@]2(C)[C@@]1(OC(C)=O)C(C)=O,0
O=C1c2c(O)cccc2Cc2cccc(O)c21,0
O=C(O)CCCN1CCC(O[C@@H](c2ccc(Cl)cc2)c2ccccn2)CC1,0
NC(=O)N1c2ccccc2CC(=O)c2ccccc21,1
CN1CCC[C@H]1c1cccnc1,0
O[C@@]1(c2ccc(Cl)cc2)c2ccccc2C2=NCCN21,0
c1ccc2sc(SNC3CCCCC3)nc2c1,0
Cc1ccc(N(CC2=NCCN2)c2cccc(O)c2)cc1,0
CC(=O)OC1CC2CCC3C(CC[C@@]4(C)C3CC([N+]3(C)CCCCC3)C4OC(C)=O)[C@@]2(C)CC1N1CCCCC1,0
C[C@H]1C[C@H](OC(=O)[C@H](O)c2ccccc2)CC(C)(C)C1,0
C[C@]12CCC3=C4CCC(=O)C=C4CCC3C1CC[C@@]2(O)CC#N,0
CC1CN(CC(Cc2ccccc2)C(=O)NCC(=O)O)CC[C@@]1(C)c1cccc(O)c1,0
CN(C)CCC=C1c2ccccc2C=Cc2ccccc21,1
CCOCCn1c(N2CCCN(C)CC2)nc2ccccc21,0
Cc1cc(Nc2ncc(Cl)c(Nc3ccccc3S(=O)(=O)C(C)C)n2)c(OC(C)C)cc1C1CCNCC1,0
COc1ccccc1Oc1c(NS(=O)(=O)c2ccc(C(C)(C)C)cc2)nc(-c2ncccn2)nc1OCCO,1
CC1OC(OC2CC(O)[C@]3(CO)C4C(O)C[C@]5(C)C(C6=CC(=O)OC6)CC[C@]5(O)C4CC[C@]3(O)C2)C(O)C(O)C1O,0
O[C@](CCN1CCCCC1)(c1ccccc1)C1CCCCC1,0
Cc1cc(-c2ccccc2)nnc1NCCN1CCOCC1,0
CCC(=O)N(c1ccccc1)C1(C(=O)OC)CCN(CCC(=O)OC)CC1,1
CCO/N=C(/C(=O)N[C@H]1C(=O)N2C(C(=O)O)=C(Sc3nc(-c4cc[n+](C)cc4)cs3)CS[C@H]12)c1nsc(NP(=O)([O-])O)n1,1
CN(C)CC(Oc1ccccc1)Oc1ccccc1,0
CC(C)(C)NC[C@H](O)COc1cccc2c1SCCC2,1
COC(=O)CC[C@@H]1N=C(c2ccccn2)c2cc(Br)ccc2-n2c(C)cnc21,0
O=c1ccn([C@@H]2O[C@H](CO)[C@@H](O[P@](=O)(O)OC[C@H]3O[C@H](n4ccc(=O)[nH]c4=O)[C@@H](O)[C@H]3O)[C@H]2O)c(=O)[nH]1,1
COc1cc2cc(C(=O)N3C[C@H]4C[C@@]45C3=CC(=O)c3[nH]c(C)c(C(=O)Sc4ccccc4)c35)[nH]c2c(OC)c1OC,1
Clc1ccc(CO/N=C(\Cn2ccnc2)c2ccc(Cl)cc2Cl)c(Cl)c1,0
CC(C)Cn1cnc2c(N)nc3ccccc3c21,1
Cc1cc2c(cc1CC(=O)c1sccc1S(=O)(=O)Nc1onc(C)c1Cl)OCO2,1
CC1(C)N=C(N)N=C(N)N1OCCCOc1cc(Cl)c(Cl)cc1Cl,1
O=c1ccc2ccc(OCCCCN3CCN(c4cccc5sccc45)CC3)cc2[nH]1,0
CN1[C@@H]2CC(OC(=O)[C@H](CO)c3ccccc3)C[C@H]1[C@@H]1O[C@H]12,0
CNCC1CCC(N)C(OC2C(N)CC(N)C(OC3OC[C@](C)(O)C(NC)C3O)C2O)O1,0
COc1c(-c2ccc3cc(NS(C)(=O)=O)ccc3c2)cc(-n2ccc(=O)[nH]c2=O)cc1C(C)(C)C,0
COC(=O)[C@@H]1[C@H]2C[C@H]3c4[nH]c5ccccc5c4CCN3C[C@@H]2CC[C@@H]1O,0
NC1=NC[C@@H]2c3ccccc3Cc3ccccc3N12,0
C[C@H](C1=C(CCN(C)C)Cc2ccccc21)c1ccccn1,0
C[C@H](N[C@H](CCc1ccccc1)C(=O)O)C(=O)N1[C@@H](C(=O)O)C[C@H]2CCCC[C@H]21,1
COc1cc2cc(C(=O)N3C[C@H]4C[C@@]45C3=CC(=O)c3[nH]c(C)c(C(=O)Sc4ccncc4)c35)[nH]c2c(OC)c1OC,1
O=c1oc2ccccc2c(O)c1Cc1c(O)c2ccccc2oc1=O,0
Cc1c(C(=O)Nc2ccc(N3C[C@@H](C)O[C@@H](C)C3)nc2)cccc1-c1ccc(OC(F)(F)F)cc1,0
COc1cc(NCc2ccc3nc(N)nc(N)c3c2C)cc(OC)c1OC,1
CC(C)(O/N=C(\C(=O)N[C@@H]1C(=O)N2C(C(=O)[O-])=C(C[N+]3(CCNC(=O)c4ccc(O)c(O)c4Cl)CCCC3)CS[C@H]12)c1csc(N)n1)C(=O)O,0
CN1CCC[C@@H](n2nc(Cc3ccc(Cl)cc3)c3ccccc3c2=O)CC1,0
c1cc(CN2CCCNCCNCCCNCC2)ccc1CN1CCCNCCNCCCNCC1,0
COc1ccc2c(c1)C(=O)N(CCc1ccc(S(=O)(=O)NC(=O)NC3CCCCC3)cc1)C(=O)C2(C)C,0
O=C(c1ccccc1)c1ccc2n1CC[C@H]2C(=O)O,1
CN(C)CCc1c[nH]c2ccc(C[C@@H]3COC(=O)N3)cc12,1
CCCN[C@H]1CCc2nc(N)sc2C1,0
CCN1C[C@H](CCN2CCOCC2)C(c2ccccc2)(c2ccccc2)C1=O,0
O=C1N[C@H](O)CCN1[C@@H]1O[C@H](CO)[C@@H](O)C1(F)F,0
O=c1oc2ccccc2c(O)c1[C@@H]1C[C@@H](c2ccc(-c3ccc(Br)cc3)cc2)Cc2ccccc21,1
COc1ccc(CNc2nc(N3CCC[C@H]3CO)ncc2C(=O)NCc2ncccn2)cc1Cl,0
CC(C)[N+]1(C)[C@@H]2CC[C@H]1CC(OC(=O)[C@@H](CO)c1ccccc1)C2,0
COc1cc2cc(C(=O)N3C[C@@H](CCl)c4c3cc(O)c3[nH]c(C)c(C(=O)N5CCN(C)CC5)c43)[nH]c2c(OC)c1OC,1
CC[C@H](NC(C)C)[C@H](O)c1ccc(O)c2[nH]c(=O)ccc12,0
N[C@@H](CS)C(=O)O,0
O=C([O-])C[C@@H]([S-])C(=O)[O-],1
CCCCCCCCCCCCCCCC(=O)O,0
O=C([O-])CCC(=O)[O-],0
CC(C)(CO)[C@@H](O)C(=O)NCCC(=O)O,0
CC(=O)N[C@@H](CS)C(=O)O,0
NCCCCCC(=O)O,1
CC(C)(S)[C@H](N)C(=O)O,1
C[P@](=O)(O)CC[C@H](N)C(=O)[O-],1
CCO[P@@](C)(=O)SCCN(C(C)C)C(C)C,1
CS(=O)(=O)OC[C@H](O)[C@@H](O)COS(C)(=O)=O,0
CC(=O)OCC[N+](C)(C)C,0
CC(=O)O[C@H](C)C[N+](C)(C)C,0
CN(C)C(=S)SC(=S)N(C)C,0
CC(=O)C(=O)O,0
CNC[C@H](O)[C@@H](O)[C@H](O)[C@H](O)CO,0
O=C[C@H](NC(=O)N(CCCl)N=O)[C@@H](O)[C@H](O)[C@H](O)CO,1
COC(=O)/C=C/C(=O)OC,0
CCOC(=O)C[C@H](SP(=S)(OC)OC)C(=O)OCC,0
CCCCCCCCCCCCOC(=O)CS(=O)(=O)[O-],0
CCCC[C@H](CC)CC[C@@H](CC(C)C)OS(=O)(=O)O,0
NC(CO)(CO)CO,0
CCCCCCCCCCCCCCCCCCCCCCO,0
NC(=O)C[C@H](N)C(=O)O,0
CCCCCCCC/C=C\CCCCCCCC(=O)O[C@H](COC(=O)CCCCCCCCCCCCCCC)CO[P@](=O)(O)OC[C@H](O)CO,0
CN(C)C(=S)SSC(=S)N(C)C,0
OCC(O)CO,0
C[C@H](C[N+](C)(C)C)OC(N)=O,0
O=C([O-])P(=O)([O-])[O-],1
O=C[C@H](F)[C@@H](O)[C@H](O)[C@H](O)CO,0
CCCCCCCCCCCCCC(=O)OC[C@H](CO[P@](=O)(O)OC[C@H](O)CO)OC(=O)CCCCCCCCCCCCC,0
C=CCCCCCCCCC(=O)[O-],0
COc1cc(NCCCCC[N+](C)(C)C(C)C)c2ccccc2c1,1
CCCC(CCC)C(=O)[O-],1
Cc1ccc(Cl)c(Nc2ccccc2C(=O)[O-])c1Cl,1
Cn1nnnc1SCC1=C(C(=O)O)N2C[C@H](NC(=O)[C@H](O)c3ccccc3)[C@H]2SC1,1
Cc1onc(-c2cc(F)ccc2Cl)c1C(=O)N[C@@H]1C(=O)N2[C@@H]1SC(C)(C)[C@@H]2C(=O)[O-],1
Cc1c[nH]c2c(O)cc3c(c12)[C@H](CCl)CN3C(=O)c1cc2cc(NC(=O)Nc3ccc4[nH]c(C(=O)N5C[C@@H](CCl)c6c5cc(O)c5[nH]cc(C)c65)cc4c3)ccc2[nH]1,1
CNC(C)[C@@H]1CC[C@@H](N)[C@@H](O[C@H]2[C@H](O)[C@@H](O[C@H]3OC[C@](C)(O)[C@H](NC)[C@H]3O)[C@H](N)C[C@@H]2N)O1,1
CCCCNC(=O)NS(=O)(=O)c1ccc(N)cc1,1
Nc1nc(F)nc2c1ncn2[C@@H]1O[C@H](COP(=O)([O-])O)[C@H](O)[C@H]1O,1
Cc1cn([C@@H]2O[C@@H](CO)[C@H](N=[N+]=[N-])[C@@H]2O)c(=O)[nH]c1=O,1
CCCCC1C(=O)N(c2ccccc2)N(c2ccccc2)C1=O,1
Cc1ccc(S(=O)([O-])=NC(=O)[N-]N2CCCCCC2)cc1,1
CC(C)[NH2+]C[C@H](O)COc1cccc2ccccc12,1
CCN(CC)c1ccc2cc(C(=O)Nc3ccc4[nH]c(C(=O)N5C[C@@H](CCl)c6c5cc(OC(=O)Nc5ccccc5)c5[nH]cc(C)c65)cc4c3)oc2c1,1
C[C@@H](Oc1ccccc1)C(=O)N[C@@H]1C(=O)N2[C@@H]1SC(C)(C)[C@@H]2C(=O)[O-],1
CNCCCN1c2ccccc2CCc2ccccc21,1
CC(=O)OCC1=C(C(=O)O)N2C[C@H](NC(=O)CSc3ccncc3)[C@H]2SC1,1
Cc1nnc2n1-c1sc(Br)cc1C(c1ccccc1Cl)=NC2,1
CCN(CC)CCCN(c1ccccc1)C1Cc2ccccc2C1,1
CC(C)(C)NC[C@H](O)COc1cccc2c1CCC(=O)N2,1
CCCCNC(=O)N=S(=O)([O-])c1ccc(C)cc1,1
Cc1onc(-c2ccccc2)c1C(=O)N[C@@H]1C(=O)N2[C@@H]1SC(C)(C)[C@@H]2C(=O)[O-],1
COc1ccc(N=S(=O)([O-])c2ccc(N)cc2)nn1,1
Cc1c(N(C)C)c(=O)n(-c2ccccc2)n1C,1
Cc1c(N(C)CS(=O)(=O)O)c(=O)n(-c2ccccc2)n1C,1
CC1=CC(=O)N2CC(=O)N(C)c3ccc(Cl)cc3[C@]2(c2ccccc2)O1,1
CCN(CC)CCNC(=O)c1cc(S(C)(=O)=O)ccc1OC,1
N#Cc1ccc2c(c1)N(CCCN1CCC(O)CC1)c1ccccc1S2,1
CCCC(C)(COC(N)=O)COC(N)=O,1
C[C@@H](CS)C(=O)N1CCC[C@@H]1C(=O)O,1
CC1=C(C(=O)N[C@@H]2C(=O)N3[C@@H]2SC(C)(C)[C@@H]3C(=O)O)N(c2ccccc2Cl)CO1,1
CC1=C(C(=O)[O-])N2C(=O)[C@@H](NC(=O)[C@H](N)c3ccccc3)[C@H]2SC1,1
O=C1c2ccccc2C(=O)[C-]1c1ccccc1,1
CC1(C)S[C@@H]2[C@H](NC(=O)[C@@H](C(=O)[O-])c3ccsc3)C(=O)N2[C@H]1C(=O)[O-],1
COc1cc(NCCC[C@H](C)[NH3+])c2ncccc2c1,1
CC[NH+](CC)CCNC(=O)c1c(C)[nH]c(C=C2C(=O)Nc3ccc(F)cc32)c1C,1
CCN(CC)CCNC(=O)c1cc(Cl)c(N)cc1O,1
O=C1CN=C(c2ccccc2)c2cc(Cl)ccc2N1CC1CC1,1
CN1CCN2c3ncccc3Cc3ccccc3[C@H]2C1,1
CC1(C)S[C@@H]2[C@H](NC(=O)Cc3ccccc3)C(=O)N2[C@H]1C(=O)[O-],1
CC[C@]1(c2ccccc2)NC(=O)N(C)C1=O,1
Cc1ccc(C)c(OCCCC(C)(C)C(=O)[O-])c1,1
Cc1ccc(NC(=O)c2ccc(CN3CC[NH+](C)CC3)cc2)cc1Nc1nccc(-c2cccnc2)n1,1
CN1CCC(N(Cc2cccs2)c2ccccc2)CC1,1
CC[NH+](CC)CCC[C@H](C)Nc1c2ccc(Cl)cc2[nH+]c2ccc(OC)cc12,1
c1ccc2c(c1)Nc1ccccc1S2,1
COC(=O)c1c(C)[nH]c2c(OC(=O)N3CCN(C)CC3)cc3c(c12)[C@H](CBr)CN3C(=O)c1cc2cc(OC)c(OC)c(OC)c2[nH]1,1
COc1ccccc1OCCNCC(O)COc1cccc2[nH]c3ccccc3c12,1
COC(=O)[C@@H]1[C@@H]2C[C@H]3Cc4[nH]c5cc(OC)ccc5c4CN3C[C@@H]2C[C@H](OC(=O)c2cc(OC)c(OC)c(OC)c2)[C@@H]1OC,1
CC1=C(C(=O)N[C@@H]2C(=O)N3[C@@H]2SC(C)(C)[C@@H]3C(=O)[O-])N(c2c(Cl)cccc2Cl)CO1,1
CC(=O)c1ccc(S(=O)(=O)NC(=O)NC2CCCCC2)cc1,1
CCOC(=O)[C@H](CCc1ccccc1)N[C@@H](C)C(=O)N1Cc2ccccc2C[C@H]1C(=O)[O-],1
Cn1cc(NC(=O)c2cc(NC(=O)c3cc(NC(=O)c4ccc(N(CCCl)CCCl)cc4)cn3C)cn2C)cc1C(=O)NCCC(=N)N,1
C[C@H](C(=O)O)c1ccc2oc(-c3ccc(Cl)cc3)nc2c1,1
Cc1cccc(C)c1OC[C@H](C)[NH3+],1
CC1(C)S[C@@H]2[C@H](NC(=O)COc3ccccc3)C(=O)N2[C@H]1C(=O)[O-],1
CO/N=C(/C(=O)N[C@@H]1C(=O)N2C(C(=O)O)=C(CSc3nc(=O)c(=O)[nH]n3C)CS[C@H]12)[C@@H]1C=NC(N)=N1,1
Cc1c(C(C)C)c(=O)n(-c2ccccc2)n1C,1
CCC1(CC)C(=O)NC[C@H](C)C1=O,1
CCC[C@H](N[C@@H](C)C(=O)N1[C@H](C(=O)[O-])C[C@@H]2CCCC[C@@H]21)C(=O)OCC,1
CN(C)C(=O)O[C@@H]1N=C(c2ccccc2)c2cc(Cl)ccc2N(C)C1=O,1
CC1=C(/C=C/C(C)=C/C=C/C(C)=C/C(=O)[O-])C(C)(C)CCC1,1
Cc1ccc(C(=O)c2ccc(CC(=O)O)n2C)cc1,1
O[C@@H](c1cc(C(F)(F)F)nc2c(C(F)(F)F)cccc12)[C@@H]1CCCCN1,1
CS(=O)(=O)c1ccc([C@@H](O)[C@H](CO)NC(=O)C(Cl)Cl)cc1,1
Nc1[nH]c2nc[nH]c2c(=S)[nH+]1,1
Nc1ccc(O)c(C(=O)[O-])c1,1
CC(=O)Nc1ccc(C=NN=C(C)S)cc1,1
CCN1CCN(C(=O)N[C@@H](C(=O)N[C@@H]2C(=O)N3[C@@H]2SC(C)(C)[C@@H]3C(=O)[O-])c2ccccc2)C(=O)C1=O,1
COc1ccc(Cl)cc1C(=O)NCCc1ccc(S(=O)([O-])=NC(=O)NC2CCCCC2)cc1,1
Cn1cccc1C(=O)[C@H](C#N)C(=O)Nc1ccccc1,1
CC(C)[C@@H]1OC(=O)[C@H](Cc2ccccc2)N(C)C(=O)[C@@H](C(C)C)OC(=O)[C@H](Cc2ccccc2)N(C)C(=O)[C@H](C(C)C)OC(=O)[C@@H](Cc2ccccc2)N(C)C1=O,1
CCOC(=O)[C@H](CCc1ccccc1)N[C@@H](C)C(=O)N1[C@H](C(=O)[O-])C[C@@H]2CCC[C@@H]21,1
Clc1ccc(CO[C@H](C[n+]2ccn(CCc3ccccc3)c2)c2ccc(Cl)cc2Cl)c(Cl)c1,0
Clc1cccc(Cl)c1N(C1=NCCN1)[C@@H]1CCCCO1,0
NC(=O)NC(=O)C(Oc1ccc(Cl)cc1)Oc1ccc(Cl)cc1,0
C=CC[C@]1(O)CCC2C3CCC4=CCCCC4C3CC[C@@]21C,0
COC1=C(C(=O)OCCN(C)C)[C@H]2C[C@@H]3c4[nH]c5cc(OC)ccc5c4CCN3C[C@H]2[C@H](C)O1,0
CC1(C)CN(c2ncc(C(=O)Nc3cccc(C(F)(F)F)c3)c(N)n2)C(=O)N1,0
Cc1ccc(NC2=NCCN2)c(Cl)c1,0
COc1ccccc1OC[C@H](O)CNC(C)C,0
N=C(N)NC(=N)NCCc1ccccc1,0
CC(=O)O[C@]1(C(C)=O)CCC2C3C=C(Cl)C4=CC(=O)CCC4C3CC[C@@]21C,0
CC(C)NC(=N)NC(=N)Nc1ccc(Cl)c(Cl)c1,0
CCc1ccc(C(=O)C[C@@H](c2ccccc2)C2C(=O)c3ccccc3C2=O)cc1,0
O=C1C(O)=C(CCCCCCCCC2CCCCC2)C(=O)c2ccccc21,0
Nc1ncnc(Nc2ccc(Cl)cc2)n1,0
CC(=O)SC1CC2=CC(=O)CC[C@]2(C)C2CC[C@@]3(C)C(CC[C@@]34CCCO4)C12,0
CC(C)c1nnc(NS(=O)(=O)c2ccc(N)cc2)s1,0
C=CCN1CCN(c2nc(N)c3cc(OC)c(OC)cc3n2)CC1,0
CCCC(=O)N1CCCN(c2nc(N)c3cc(OC)c(OC)cc3n2)CC1,0
CCOC(=O)NNc1ccc(N(CC)C[C@H](C)O)nn1,0
O=S(=O)([O-])c1ccc(S)cc1,0
COC(=O)C(C)(C)Oc1ccc(-c2ccc(Cl)cc2)cc1,0
CC(C)(Oc1ccc(Cl)cc1)C(=O)OCc1cccc(CO)n1,0
CCOC(=O)C1=C(C)N(CCN2CCOCC2)C(C)=C(C(=O)OCC)C1c1ccccc1C(F)(F)F,0
Cc1csc(N2CCN([C@H](C)Cc3ccc4c(c3)OCO4)CC2)n1,0
C[C@H](CCN(C)C)Nc1cc(O)cc2cccnc12,0
O=C(NC1CCCCC1)NS(=O)(=O)c1ccc2c(c1)CCC2,0
CC(=O)Oc1ccc(Oc2c(I)cc(C(=O)O)cc2I)cc1I,0
Cc1cc(/C=C/c2ccccc2OC[C@H](O)CNC(C)(C)C)on1,0
CCCCCC(O)(CCCCC)CCCCCCCCC1=C(O)C(=O)c2ccccc2C1=O,0
CC(=O)O[C@]1(C(C)=O)CCC2C3CCC4=CC(=O)CC[C@]4(C)[C@@]3(F)C(O)C[C@@]21C,0
O=C(O)C1CCCC[C@@]1(O)c1ccccc1,0
CN(CCCCC(C#N)(c1ccccc1)c1ccccc1)CC[N+]1(C)CCOCC1,0
CCOC(=S)SSC(=S)OCC,0
COc1ccccc1N1CCN(C[C@H](O)COc2cccc3ccccc23)CC1,0
C/C(=C/C(=O)O)C1CCCCC1,0
C#C[C@@]1(OC(=O)CC)CC2CCC3C(CC[C@@]4(C)C3CC[C@]4(C#C)OC(=O)CC)[C@@]2(C)C1,0
N=C(N)N1CCc2ccc(Br)cc2C1,0
COc1ccc(CCNC[C@H](O)COc2ccc(C(C)=CC#N)cc2)cc1OC,0
CC(=O)O[C@]1(C(C)=O)CCC2C3C=C(Cl)C4=CC(=O)CC[C@]4(C)C3CC[C@@]21C,0
CCC1O[C@]2(C(C)=O)CC[C@@]3(O1)C1CCC4=CC(=O)CC[C@]4(C)C1CC[C@]23C,0
CC(=O)N[C@@H](CCSC(=O)C(C)(C)Oc1ccc(Cl)cc1)C(=O)O,0
Cn1c(=O)c2c(ncn2CC(=O)OCC(C)(C)Oc2ccc(Cl)cc2)n(C)c1=O,0
CCOC(=O)[C@@]1(CCCCCCOc2ccc(Cl)cc2)CO1,0
CCn1nc(C)c2c(OCCC(C)C)c(C(=O)NCCc3ccc(S(=O)(=O)NC(=O)NC4CCCCC4)cc3)cnc21,0
CC(=O)OC1C=C2C(Cl)=CC3C(CC[C@@]4(C)C3CC[C@]4(OC(C)=O)C(C)=O)[C@@]2(C)CC1,0
CC(=O)N(CCCc1ccccc1)OCc1ccccc1,0
N=C(N)c1ccc(OCCCOc2ccc(C(=N)N)cc2)cc1,0
CC(=O)[C@@]1(O)CCC2C3CC(Cl)C4=CC(=O)C=C[C@]4(C)C3CC[C@@]21C,0
COc1c(O)cc2oc(Oc3ccc(O)cc3)cc(=O)c2c1O,0
N=C(N)NCCNc1c(Cl)cccc1Cl,0
O=C(NN1CCCCCC1)NS(=O)(=O)c1ccc2c(c1)CCC2,0
COc1cc(NCCCCCCN2CCN(CC[C@H](C)O)CC2)c2ncccc2c1,0
C[C@]12C=CC(=O)C(N)=C1C=CC1C2CC[C@]2(C)C(=O)CCC12,0
O=C(O)CCCC/C=C(/c1ccccc1)c1cccnc1,0
Oc1ccc(Nc2ccnc3cc(Cl)ccc23)cc1CN1CCCC1,0
C[C@@H]1C[C@H](C)CN(S(=O)(=O)c2ccc(Cl)c(C(=O)O)c2)C1,0
Cc1ncc([N+](=O)[O-])n1C[C@H](O)CCl,0
CCn1ccnc1C[C@@H]1COc2ccccc2O1,0
CC[C@H](c1ccccc1)c1c(O)c2ccccc2oc1=O,0
CO[C@]1(C)CC(c2ccccc2)c2c(c3ccccc3oc2=O)O1,0
O=C(O)c1ccc(Cc2ccc(O)cc2)cn1,0
C=C[C@]1(O)CCC2C3CCC4=C(CCC(=O)C4)C3CC[C@@]21C,0
O=[N+]([O-])c1cnc(-c2ccc(F)cc2)n1CCO,0
CC1CC[C@@]2(OC1)OC1CC3C4CC=C5CC(OC6OC(CO)C(O)C(O)C6O)CC[C@]5(C)C4CC[C@]3(C)C1C2C,0
CC[C@@H]1Nc2cc(Cl)c(S(N)(=O)=O)cc2S(=O)(=O)N1,0
N=C(N)c1ccc(N=NNc2ccc(C(=N)N)cc2)cc1,0
CCN(CC)CCn1c2c(c3ccc(OC)cc31)CCN1C[C@H]3C[C@H](OC(=O)c4cc(OC)c(OC)c(OC)c4)[C@@H](OC)[C@H](C(=O)OC)[C@@H]3C[C@@H]21,0
COc1ccc(/C(C)=C\C(=O)O)c(OC)c1,0
O=C(c1ccc(Nc2ccnc3cc(C(F)(F)F)ccc23)cc1)N1CCN(S(=O)(=O)c2ccc(F)cc2)CC1,0
CCOC(=O)Oc1c(OC)cc(C(=O)O[C@@H]2C[C@@H]3CN4CCc5c([nH]c6cc(OC)ccc56)[C@H]4C[C@@H]3[C@H](C(=O)OC)[C@H]2OC)cc1OC,0
CCCCC[C@H](/C=C/n1ccnc1)OCc1ccccc1,0
O=C(O)C1=Cc2sc(Cn3ccnc3)cc2CC1,0
[O-][S+](c1cc(Cl)cc(Cl)c1O)c1cc(Cl)cc(Cl)c1O,0
C=C(C)C[C@@H](c1ccccc1)c1c(O)c2ccccc2oc1=O,0
COc1ccc2c(c1OC)C(=O)O[C@@H]2[C@H]1c2cc3c(cc2CCN1C)OCO3,0
O=C(OCC(COC(=O)c1cccnc1)(COC(=O)c1cccnc1)COC(=O)c1cccnc1)c1cccnc1,0
CC[C@H](C(=O)O)C1(O)CCCCC1,0
CC1(C)CCC[C@H](NC(=O)[C@@H](S)Cc2ccccc2)C(=O)N1CC(=O)O,0
CC(OC(=O)CCc1ccccc1)C1CCC2C3CCC4=CC(=O)CCC4C3CC[C@]12C,0
O[C@H](CNC[C@H](O)[C@H]1COc2ccccc2O1)[C@@H]1COc2ccccc2O1,0
CCC(CC)(C(=O)O)c1cccc2ccccc12,0
C[N+]12CCC(c3ccccc3)(CC1)C(=O)C2,0
CC[C@H](C(=O)O)C1(O)CCC(c2ccccc2)CC1,0
O=C(O)c1cnccc1Nc1cccc(C(F)(F)F)c1,0
CC(=O)O[C@]1(C(C)=O)CCC2C3CC(Cl)C4=CC(=O)CC[C@]4(C)C3CC[C@@]21C,0
CC1=CCN(CCNC(=N)N)CC1,0
CC(=O)O[C@]1(C(C)=O)CCC2C3CC(C)=C4CC5(CC[C@]4(C)C3CC[C@@]21C)OCCO5,0
CC(C)(Oc1ccc([C@H](O)c2ccc(Cl)cc2)cc1)C(=O)O,0
O=C(/C=C/c1ccc(O)c(O)c1)OC1C[C@@](OC(=O)/C=C/c2ccc(O)c(O)c2)(C(=O)O)CC(O)C1O,0
N=C(N)NC[C@H]1COc2ccccc2O1,0
O=C([N-]c1c[n+](N2CCOCC2)no1)C1CCCCC1,0
[O-]c1c(Cl)cc(Cl)cc1Sc1cc(Cl)cc(Cl)c1[O-],0
Oc1ccc(Cc2nccc3cc(O)c(O)cc23)cc1O,0
O=C(O)COc1ccc2c(-c3ccccc3F)noc2c1Br,0
CC(=O)[C@@]12CC1CC1C3C=C(Cl)C4=CC(=O)C5CC5[C@]4(C)C3CC[C@@]12C,0
Cn1c([N+](=O)[O-])cnc1CSc1ccccn1,0
NS(=O)(=O)c1cc2c(cc1Cl)N[C@@H](Cc1ccc(F)cc1)NS2(=O)=O,0
C#C[C@]1(OC(C)=O)CCC2C3CCC4=CC(OC(C)=O)CCC4C3C(C)C[C@@]21C,0
CC(C)(Oc1ccc([C@H]2CCCc3ccccc32)cc1)C(=O)O,0
O=C(NCCN1CCN(c2cccc3c2OC[C@H](CO)O3)CC1)c1ccc(F)cc1,0
CCCNC[C@H](O)COc1ccc2c(=O)cc(-c3ccccc3)oc2c1,0
Cc1ccc(S(=O)(=O)NC(=O)NC2CCCCCCC2)cc1,0
C[N+](C)(CCO)CC(=O)[O-],0
O=C(O)CCc1cc(I)c(Oc2ccc(O)c(I)c2)c(I)c1,0
CCCCCCCCCCCC[n+]1ccc2ccccc2c1,0
CC(=O)[C@@]1(O)CCC2C3CCC4=CC(=O)CC[C@]4(C)[C@@]3(F)C(O)C[C@@]21C,0
CCCCNC(=NCC)NC(=N)N,0
N=C(N)NCCN1CCC2(CC1)CC2,0
CN1C(=N)N(c2ccccc2)CC1=O,0
CC[C@](C)(Oc1ccc(Cc2ccc(Cl)cc2)cc1)C(=O)OCc1cccnc1,0
CC(O)(CC(=O)O)CC(=O)O,0
Cc1cc(C(C)(C)CC(C)(C)C)ccc1OCCOCC[N+](C)(C)Cc1ccccc1,0
C[N+]1(CC(=O)c2ccccc2)[C@@H]2CC[C@H]1CC(OC(=O)[C@H](O)c1ccccc1)C2,0
CNC(=O)Oc1cccc2ccccc12,0
Cc1ccc(S(=O)(=O)NC(=O)NC2CCCCCC2)cc1,0
C#C[C@]1(O)C=CC2C3CCC4=CC(=O)CCC4C3CC[C@@]21CC,0
C[n+]1cccc2cc(NC(=O)Nc3ccc4c(ccc[n+]4C)c3)ccc21,0
Oc1c(CN2CCCC2)cc(Nc2ccnc3cc(Cl)ccc23)cc1CN1CCCC1,0
CCN(CC)CCC[C@H](C)Nc1cc(/C=C/c2ccccc2Cl)nc2cc(Cl)ccc12,0
NS(=O)(=O)c1cc2c(cc1Cl)CN(C1CCCCC1)C2=O,0
CCO[C@@H](Cc1ccc(OCCc2ccc(OS(C)(=O)=O)cc2)cc1)C(=O)O,0
CC[C@@](C)(Oc1ccc(C2(c3ccc(O[C@@](C)(CC)C(=O)O)cc3)CCCCC2)cc1)C(=O)O,0
CCN(CC)CCNc1ccnc2cc3ccccc3cc12,0
Cc1ccc(S(=O)(=O)NC(=O)NC2CCCC2)cc1,0
CCCCc1ccc(C(=O)O)nc1,0
COC(=O)C1=CO[C@@H](C)[C@@H]2CN3CCc4c([nH]c5cc(OC)c(OC)cc45)[C@H]3C[C@H]12,0
COc1cc2nc(N3CCN(C(=O)[C@H](C)OC)CC3)nc(N)c2cc1OC,0
C[C@H](Cc1ccccc1)NN,0
Cn1c(=O)c2c(ncn2CN2CCOCC2)n(C)c1=O,0
CCOC(=O)[C@@](C)(CC)Oc1ccc(Cc2ccc(Cl)cc2)cc1,0
CCOC(=O)C(c1c(O)c2ccccc2oc1=O)c1c(O)c2ccccc2oc1=O,0
CC(C)(C)c1nnc(NS(=O)(=O)c2ccccc2)s1,0
CCNC(=S)NS(=O)(=O)c1cnccc1NC1CCCCCCC1,0
COc1ccc(S(=O)(=O)Nc2nnc(CC(C)C)s2)cc1,0
C#C[C@]1(OC(C)=O)CCC2C3CCC4=CC(=O)CCC4C3CC[C@@]21C,0
O=C(O)c1ccc[n+]([O-])c1,0
COCCOC[C@H](CC1(C(=O)NC2CCC(C(=O)O)CC2)CCCC1)C(=O)Oc1ccc2c(c1)CCC2,0
Nc1nc(N)nc(Nc2ccc([As]3S[C@H](C(=O)O)[C@@H](C(=O)O)S3)cc2)n1,0
CCCCCCCCCCCCCCCCNc1ccc(C(=O)O)cc1,0
CC(=O)c1cc2c(CO)cc(O)cc2oc1=O,0
C[C@@](O)(CC(=O)O)C1CCCCC1,0
COP(=O)(OC)O[C@H](c1ccc(Cl)cc1)P(=O)(OC)OC,0
O=C1c2ccccc2C(=O)C1c1ccccc1,0
C=CCc1cccc(OC)c1OCCN(CC)CC,0
O=c1oc(CCN2CCN(c3ccccc3)CC2)c(-c2ccc(Cl)cc2)o1,0
CCC1(CC)C(=O)N=C([O-])NC1=O,0
CCN(CC)CCOC(=O)c1ccccc1O,0
CC(C)(Oc1ccc(Cl)cc1)C(=O)Oc1ccc(Cl)cc1,0
Cc1ccc(S(=O)(=O)NC(=O)NC2C3CC[C@](C)(C3C)C2O)cc1,0
CSc1ccc(S(=O)(=O)NC(=O)NC2CCCCC2)cc1,0
Cc1csc(Cl)c1NC1=NCCN1,0
CC1=C(C(=O)OCCN(Cc2ccccc2)c2ccccc2)[C@H](c2cccc([N+](=O)[O-])c2)C(P2(=O)OCC(C)(C)CO2)=C(C)N1,0
C=C1CC2C3C=C(Cl)C4=CC(=O)CC[C@]4(C)C3CC[C@]2(C)[C@]1(OC(C)=O)C(C)=O,0
COc1ccc2nc3cc(Cl)ccc3c(Nc3cc(CN4CCCC4)c(O)c(CN4CCCC4)c3)c2n1,0
CC1(C)N=C(N)N=C(N)N1c1ccc(Cl)cc1,0
NS(=O)(=O)c1cc(S(=O)(=O)O)c(NCc2ccco2)cc1Oc1ccccc1,0
CCc1cccc(CC)c1[C@H](OCCN(C)C)c1ccccn1,0
C[C@]12CCC3=C4CCC(=O)C=C4CCC3C1CC[C@@]2(O)C#CCl,0
CN1CCC(OC(=O)C(Oc2ccc(Cl)cc2)Oc2ccc(Cl)cc2)CC1,0
Cc1cc(O)c(S(=O)(=O)O)cc1Cc1cc(S(=O)(=O)O)c(O)cc1C,0
COc1ccc([C@H]2CNC(=O)C2)cc1OCCCN1CCC(C(=O)c2ccc(F)cc2)CC1,0
COc1ccc(C2C(=O)c3ccccc3C2=O)cc1,0
O[C@H](c1ccc(Cl)cc1)c1cc2ccccc2o1,0
CCN(CC)CCOc1ccc([C@@](O)(Cc2ccc(Cl)cc2)c2ccc(C)cc2)cc1,0
CNC1C(O)C(OC2C(N)CC(N)C(OC3OC(CN)=CCC3N)C2O)OC[C@]1(C)O,0
CC(=O)Oc1ccccc1C(=O)OC(COC(=O)C(C)(C)Oc1ccc(Cl)cc1)COC(=O)C(C)(C)Oc1ccc(Cl)cc1,0
CCOC(=O)c1c(C)n(C)c2ccc(O)cc12,0
CN(C)CCN1CCC(Cc2ccccc2)CC1,0
COc1cc(Cc2cnc(N)nc2N)cc(OC)c1N,0
NC(=O)NNc1ccccc1,0
CC(=O)[C@@]1(C)CCC2C3C=C(C)C4=CC(=O)CC[C@]4(C)C3CC[C@@]21C,0
CCCCCC=CCC=CCCCCCCCC(=O)N[C@@H](Cc1ccc(C)cc1)c1ccccc1,0
CO[C@H](C[Hg+])CNC(=O)c1ccccc1OCC(=O)O,0
CC1(COc2ccc(C[C@@H]3SC(=O)NC3=O)cc2)CCCCC1,0
COc1cc(NCCC[C@H](C)N)c2ncccc2c1,0
NS(=O)(=O)c1cc2c(cc1Cl)N[C@H](CSCc1ccccc1)NS2(=O)=O,0
CC(C)=CCC/C(C)=C/CC/C(C)=C/CC/C(C)=C/CC1=C(C)C(=O)c2ccccc2C1=O,0
CC(C)[C@@H]1NC(=O)[C@H](CCCCN)NC(=O)[C@@H](Cc2c[nH]c3ccccc23)NC(=O)[C@H](Cc2ccc(O)cc2)NC(=O)[C@H](C)N(C)C(=O)[C@H](Cc2ccccc2)NC1=O,0
CC(C)(C)NC[C@H](O)CSc1nc(-c2ccc(C(N)=O)s2)cs1,0
CC(C)(Oc1ccc(Cl)cc1)C(=O)OCCCOC(=O)C(C)(C)Oc1ccc(Cl)cc1,0
CCOC(=O)C1Oc2ccc(Cl)cc2C(C)c2cc(Cl)ccc2O1,0
CC(=O)OC(Cc1ccccc1)(Cc1ccccc1)C(=O)OCCN1CCCCC1,0
CN(c1nc2ccccc2s1)C1CCN(C[C@H](O)COc2ccc(F)cc2)CC1,0
C[C@@H](Oc1ccc(Oc2ccc(Cl)cc2)cc1)C(=O)O,0
CCCC[C@H](O)c1ccccc1,0
COc1cc(/C=C2\CCC/C(=C\c3ccc(O)c(OC)c3)C2=O)ccc1O,0
NN=c1cc2c(n[nH]1)CCN(C(=O)c1ccccc1)C2,0
COC(=O)C1=C(C)NC(C)=C(C(=O)OCCCN2CCC(c3ccccc3)(c3ccccc3)CC2)[C@@H]1c1cccc([N+](=O)[O-])c1,0
C=CC[C@H](Cc1cc(OC)c(OC)c(OC)c1)NC,0
COc1cc2nc(N3CCN(C(=O)C[C@H](C)O)CC3)nc(N)c2cc1OC,0
COc1ccc(CCC(C)NCC(O)c2ccc(O)c([S@+](C)[O-])c2)cc1,0
CN(C)C(=O)CCCOC(=O)C(C)(C)Oc1ccc(Cl)cc1,0
Cc1ccc(S(=O)(=O)NC(=O)NC2CCCCC2)cc1,0
O=C(c1ccccc1Nc1ccncc1)N1CCCCC1,0
CCN(CC)CCOc1cc2oc(=O)cc(C)c2cc1OCCN(CC)CC,0
O=C(C[n+]1ccn(C[C@H](OCc2ccc(Cl)cc2Cl)c2ccc(Cl)cc2Cl)c1)c1ccc(F)cc1,0
COC(=O)[C@@H]1[C@@H]2C[C@H]3c4[nH]c5cc(OC)ccc5c4CCN3C[C@@H]2C[C@H](OC(=O)COc2ccc(OC)cc2)[C@H]1OC,0
CC(C)NC[C@H](O)c1ccc(N)c(C#N)c1,0
O[C@H](c1cc(-c2ccc(C(F)(F)F)cc2)nc(C(F)(F)F)c1)[C@H]1CCCCN1,0
Cc1ncc([N+](=O)[O-])n1CCc1ccncc1,0
CC(C)C[C@H](O)[C@H](O)[C@H](CC1CCCCC1)NC(=O)[C@H](Cc1cscn1)NC(=O)[C@H](Cc1ccccc1)CS(=O)(=O)N1CCN(C)CC1,0
C#C[C@]1(O)CCC2C3CCC4=C(CCCC4)C3CC[C@@]21C,0
Nc1c2ccccc2nc2ccccc12,0
CC[C@H](C)[C@H](C)[C@@H]1Nc2cc(Cl)c(S(N)(=O)=O)cc2S(=O)(=O)N1,0
Nc1ncnc(Nc2ccccc2)n1,0
CO[C@H](C[Hg+])Cn1ccc(C(=O)[O-])cc1=O,0
CC(=O)C1CCC2C3C=CC4=CC(=O)CC[C@@]4(C)C3CC[C@]12C,0
COc1cc2nccc(N)c2cc1OC,0
O=C1c2ccccc2N(C(=O)CN2CCOCC2)CN1c1ccccc1,0
CC(=O)[C@@]1(O)CCC2C3CC=C4C=C(OC5CCCC5)CC[C@]4(C)C3CC[C@@]21C,0
CC(C)(CCc1ccccc1)NC[C@H](O)c1ccc2c(c1)CCC(=O)N2,0
CCCC(=O)OC[C@@H](OC(=O)CCC)[C@@H](OC(=O)CCC)[C@H](Cn1c2nc(=O)[nH]c(=O)c-2nc2cc(C)c(C)cc21)OC(=O)CCC,0
C=CCSC[C@@H]1Nc2cc(Cl)c(S(N)(=O)=O)cc2S(=O)(=O)N1,0
COc1cc(C(=O)OCc2cccc(COC(=O)c3cc(OC)c(OC)c(OC)c3)n2)cc(OC)c1OC,0
CC(C)(Oc1ccc(Cl)cc1)C(=O)O,0
Cc1ccc(S(=O)(=O)NC(=O)NC2CCCCC2)cc1N,0
CC1CC[C@]2(CO1)OC1CC3C4CCC5CC(OC6OC(CO)C(OC7OC(CO)C(O)C(O)C7O)C(O)C6O)CC[C@]5(C)C4CC[C@]3(C)C1C2C,0
CCCCOC[C@H](O)COc1ccccc1,0
CC1(C)N=C(N)N=C(N)N1OCc1ccc(Cl)c(Cl)c1,0
C[C@@H](c1ccccc1)[C@@H]1Nc2cc(Cl)c(S(N)(=O)=O)cc2S(=O)(=O)N1,0
Cc1cccc(N2CCN(CCc3ccc4ccccc4n3)CC2)c1,0
N=C(N)[C@H](O)c1ccc2c(c1)OCO2,0
CCCCCCCC(=O)NCCC[C@H](C)Nc1cc(OC)cc2cccnc12,0
Cc1nc(C)c2c(n1)N(Cc1ccc(-c3ccccc3-c3nnn[nH]3)cc1)C(=O)CC2,0
CC(C)[C@H](OC(=O)c1cccnc1)c1ccc(Cl)cc1,0
CC1=C(C(=O)OCCN(C)Cc2ccc(F)cc2)[C@@H](c2cccc3c2OCO3)C(C(=O)OC(C)C)=C(C)N1,0
C[C@H](NCCn1cnc2c1c(=O)n(C)c(=O)n2C)[C@H](O)c1ccccc1,0
CC[C@]1(c2ccccc2)CNC(=S)c2ccccc21,0
Cn1cc2c(NC3=NCCN3)cccc2n1,0
N=C(N)NNCCOc1c(Cl)cccc1Cl,0
CC(=O)O[C@]1(C(C)=O)CCC2C3CC(Cl)C4=CC(=O)C=C[C@]4(C)C3CC[C@@]21C,0
O=C(NN1CCCC1)NS(=O)(=O)c1ccc(Cl)cc1,0
CCCCc1ccc(C(N)=O)nc1,0
COc1c2c(cc3c1OCO3)CC[N+](C)=C2,0
C=C1C[C@@H]1C[C@H](NC(=O)CC[C@H](N)C(=O)O)C(=O)O,0
CC(C)(Oc1ccc(Cl)cc1)C(=O)OCCOC(=O)c1cccnc1,0
C#C[C@]1(OC(=O)CCCCCC)CCC2C3CCC4=CC(=O)CCC4C3CC[C@@]21C,0
CCC(=O)[C@@]1(C)CCC2C3CCC4=CC(=O)CCC4=C3CC[C@@]21C,0
CC(C)(Oc1ccc(Cl)cc1)C(=O)OCc1cccnc1,0
CC(=O)O[C@]1(C(C)=O)CCC2C3C=C(C)C4=CC(=O)CCC4C3CC[C@@]21C,0
O=C(N[C@@H](Cc1ccccc1)[C@@H](O)C(=O)N1C[C@@H](O)[C@@H](O)C1)c1cc2cc(Cl)ccc2[nH]1,0
O[C@H](CON=C(Cl)c1cccnc1)CN1CCCCC1,0
N=C(N)NC[C@H]1CCCCCCN1,0
COc1cc2nc(N3CCN(C(=O)c4nnc(SC)o4)CC3)nc(N)c2cc1OC,0
N=C(N)c1ccc(/C=C/c2ccc(C(=N)N)cc2)cc1,0
[O-][n+]1cccc(CO)c1,0
COC(=O)[C@H]1[C@H]2C[C@@H]3c4[nH]c5cc(OC)ccc5c4CCN3C[C@H]2C[C@@H](OC(=O)/C=C/c2ccc(O)c(OC)c2)[C@@H]1OC,0
O=c1cc(CN2CCOCC2)c2ccc(O)cc2o1,0
c1ccc([C@@H](CC2=NCCN2)c2ccccn2)cc1,0
CC(C)(C)c1cc(C(C(=O)O)c2cc(C(C)(C)C)c(O)c(C(C)(C)C)c2)cc(C(C)(C)C)c1O,0
O=C(N/N=C/C=C/c1ccc([N+](=O)[O-])o1)c1ccc([N+](=O)[O-])s1,0
COC[C@H](O)COC(C)(C)C,0
O=C(OCC1(COC(=O)c2cccnc2)CCCC(COC(=O)c2cccnc2)(COC(=O)c2cccnc2)C1O)c1cccnc1,0
CC(C)(CCCCOCCCCC(C)(C)C(=O)[O-])C(=O)[O-],0
CCCc1ncc(C(=O)O)s1,0
CC#C[C@]1(O)CCC2C3CC(C)C4=CC(=O)CC[C@]4(C)C3CC[C@@]21C,0
C[C@H](NCCCCc1ccccc1)[C@H](O)c1ccc2c(c1)CCS2,0
Cc1ccccc1N1CCN([C@H]2CCc3cc(O)ccc3C2)CC1,0
FC(F)(F)c1ccc(-c2ccc(OCCN3CCCC3)cc2)cc1,0
Cc1nnc2n1-c1sc3c(c1C(c1ccccc1Cl)=NC2)C[C@H](C(=O)N1CCOCC1)C3,0
CCCCCCCCCCCCS[C@H](C(=O)Nc1cc(C)c(O)c(C)c1C)c1ccccc1,0
CCC(CCC(C)C1CCC2C3CC=C4CC(OC(=O)C(C)(C)Oc5ccc(Cl)cc5)CC[C@]4(C)C3CC[C@]12C)C(C)C,0
C=CC[C@]1(O)CCC2C3CCC4=CC(=O)CCC4=C3C=C[C@@]21C,0
CCCC(=O)O[C@]1(C(C)=O)CCCC2C3CCC4=CC(=O)C=C[C@]4(C)C3C(O)C[C@@]21C,0
CCCCCC=CCC=CCCCCCCCC(=O)NC1CCCCC1,0
CC1=C(C(=O)OC(C)C)[C@H](c2cccc([N+](=O)[O-])c2)C(C(=O)OC2CN(C(c3ccccc3)c3ccccc3)C2)=C(N)N1,0
CCOC(=O)[C@@](C)(N)Cc1cc(I)c(Oc2cc(I)c(O)c(I)c2)c(I)c1,0
CO[C@H](C[Hg+])CNC(=O)c1ccccc1OCC(=O)[O-],0
C#C[C@]1(O)CCC2C3CC=C4CCCCC4C3CC[C@@]21C,0
CC(C)(C)NCc1cc(Nc2ccnc3cc(Cl)ccc23)cc(-c2ccc(Cl)cc2)c1O,0
Clc1nc(-n2ccnc2)c2ccccc2c1-c1ccccc1,0
CC(C)(CO)[C@@H](O)C(=O)NCCC(=O)NCCSSCCNC(=O)CCNC(=O)[C@H](O)C(C)(C)CO,0
CC(C)(C)c1ccc(OC[C@H](O)COc2ccc(C(=O)O)cc2)cc1,0
Nc1ccc(SCC2CO[C@](CCc3ccc(Cl)cc3)(Cn3ccnc3)O2)cc1,0
CC(C)CCCC(C)C1CC(=O)C2=C3CCC4CC(O)CC[C@]4(C)C3CC[C@@]21C,0
N#Cc1ccc(NC(=O)NC(=N)N)cc1Cl,0
COc1c2c(cc3c1[C@H](O)N(C)CC3)OCO2,0
O=C(O)CCCCCCCOc1nc(-c2ccccc2)c(-c2ccccc2)n1-c1ccccc1,0
CC(C)(Oc1ccc(Cl)cc1)C(=O)OCCSCCCCCCCCCCSCCOC(=O)C(C)(C)Oc1ccc(Cl)cc1,0
CC[C@H](O)c1ccccc1,0
CC(C)(Oc1ccc(Cl)cc1)C(=O)OCCCOC(=O)c1cccnc1,0
Cc1nnc2n1-c1sc(CCC(=O)N3CCOCC3)cc1C(c1ccccc1Cl)=NC2,0
CC(=O)O[C@]1(C(C)=O)CCC2C3CCC4=CC(=O)CC[C@]4(C)C3CC[C@@]21C,0
Cc1ccc(F)cc1NC1=NCCN1,0
C#C[C@]1(O)CCC2C3CCC4=CC(=O)CCC4=C3C=C[C@@]21C,0
Oc1c(Cl)cc(Cl)cc1Sc1cc(Cl)cc(Cl)c1O,0
N=C(NCCCCCCNC(=N)NC(=N)Nc1ccc(Cl)cc1)NC(=N)Nc1ccc(Cl)cc1,0
O=C(Nc1cccc(C2=NCCN2)c1)Nc1cccc(C2=NCCN2)c1,0
Cc1ccc(S(=O)(=O)NC(=O)N2CCCC2)cc1,0
COc1ccccc1N1CCN(CCCNc2cc(=O)n(C)c(=O)n2C)CC1,0
Cc1ccc(Cl)cc1NC(=S)NCC(C)C,0
CC(=O)[C@@]1(O)CCC2C3C=CC4=CC(=O)CCC4C3CC[C@@]21C,0
CCCCCCCCCCCCCC[C@]1(C(=O)O)CO1,0
COc1cc(NCCCCCNC(C)C)c2ncccc2c1,0
Nc1cccc(S(=O)(=O)Nc2ncc(Cl)cn2)c1,0
COC(=O)C1Oc2ccc(Cl)cc2Cc2cc(Cl)ccc2O1,0
COc1cc(C(=S)N2CCOCC2)ccc1O,0
OCCSCCCCCCCCCCSCCO,0
Cn1c([N+](=O)[O-])cnc1C=NN1C[C@H](CN2CCOCC2)OC1=O,0
Cc1cc(=O)oc2cc(OS(=O)(=O)O)c(OS(=O)(=O)O)cc12,0
COCCOC[C@H](CC1(C(=O)NC2CCC(C(=O)O)CC2)CCCC1)C(=O)O,0
Cc1c(C=O)c(=O)n(-c2ccccc2)n1C,0
CC(=O)[C@@]1(Br)CCC2C3CC(F)C4=CC(=O)CC[C@]4(C)C3CC[C@@]21C,0
COC[C@]1(OC)CCC2C3CCC4=CC(=O)CCC4=C3C(c3ccc(/C=N/O)cc3)C[C@@]21C,0
C[C@H](Cc1cccc(C(F)(F)F)c1)NCCOC(=O)c1ccccc1,0
COc1ccccc1OCCNC[C@H](O)c1ccc(C)c(S(N)(=O)=O)c1,0
CCOC(=O)[C@@](C)(N)CCC=CC(O)=CO,0
Cc1c(C(=O)CCN2CC=C(c3ccc(F)cc3)CC2)cnn1CCO,0
CCN(CC)CCNC(=O)c1c(O)c2ccccc2oc1=O,0
Oc1ccccc1[Hg+],0
CC(=O)[C@@]1(O)CCC2C3CC(Cl)C4=CC(=O)CC[C@]4(C)C3CC[C@@]21C,0
O=C(O)COc1ccccc1C(=O)NC[C@H](O)C[Hg+],0
CCCCC[C@@H]1Nc2cc(C(F)(F)F)c(S(N)(=O)=O)cc2S(=O)(=O)N1,0
O=C(NN1CCCCCC1)NS(=O)(=O)c1ccc(Cl)cc1,0
CCOCC(C)(C)[C@H](O)/C=C/[C@H]1C=CC(=O)[C@@H]1CC=CCCCC(=O)O,0
CC(C)c1ncc([N+](=O)[O-])n1C,0
C[C@]12C=CC(=O)C=C1C1CC1C1C2CC[C@@]2(C)C1C1CC1[C@@]21CCC(=O)O1,0
CCOc1ccc2nc(S[C@@](C)(C(=O)O)c3ccccc3)sc2c1,0
N=C(NO)N/N=C/c1c(Cl)cccc1Cl,0
NS(=O)(=O)c1cc2c(cc1Cl)N[C@@H](c1ccccc1)NC2=O,0
COC(C[Hg+])CNC(=O)C1CC[C@@](C)(C(=O)O)C1(C)C,0
Oc1ccc(Cl)cc1Sc1cc(Cl)ccc1O,0
CCc1cc(OCc2ccc(-c3ccccc3-c3nnn[nH]3)cc2)c2ccccc2n1,0
C[C@]1(c2ccccc2)OC(C(=O)O)=CC1=O,0
CC(C)NC[C@H](O)COc1ccc(CC(=O)OCCC23CC4CC(CC(C4)C2)C3)cc1,0
CCCCCCCCCCCC[C@@](C#N)(CCCN(C)CCc1cccc(OC)c1)c1cc(OC)c(OC)c(OC)c1,0
CCCCC/C=C/C/C=C/CCCCCCCC(=O)N[C@@H](C)c1ccccc1,0
CCCCCCCCc1ccc(C(=O)CCN2CCCCC2)cc1,0
C=C[C@@H]1C2=CCOC(=O)C2=CO[C@H]1O[C@@H]1O[C@H](CO)[C@@H](O)[C@H](O)[C@H]1O,0
CC(=O)O[C@]1(C(C)=O)CCC2C3CCC4=CC(=O)CCC4C3C(C)C[C@@]21C,0
CCCCOCC(O)COCCCC,0
CC(=O)OC(Cc1ccccc1Cl)(Cc1ccccc1Cl)C(=O)OCCN1C(C)(C)CCCC1(C)C,0
c1ccc2c(c1)OC[C@H](CN1CCN(C[C@H]3COc4ccccc4O3)CC1)O2,0
Fc1cccc2c1CN(NC1=NCCN1)C2,0
CC(=O)c1ccc2[nH]cc(CCN)c2c1,0
O=C1c2ccccc2C(=O)C1(CN1CCOCC1)c1ccccc1,0
Cc1cc2c(cc1S(N)(=O)=O)S(=O)(=O)CCC2,0
COC(=O)C1=C(C)NC(C)=C(C(=O)OCC(C)(C)CN(C)Cc2ccccc2)[C@H]1c1cc([N+](=O)[O-])ccc1F,0
CN1C(=N)N(c2ccc(Cl)cc2)CC1=O,0
CCCCCCCN(CCCCCSc1nc(-c2ccccc2)c(-c2ccccc2)[nH]1)C(=O)Nc1ccc(F)cc1F,0
C=CCN1CCc2nc(N)sc2CC1,0
CC(C)(C)c1cc(CCCOCc2cccnc2)cc(C(C)(C)C)c1O,0
NS(=O)(=O)c1cc(C(=O)c2ccc(OCC(=O)O)c(Cl)c2Cl)ccc1Cl,0
CCCCNC(=N)NC(=N)N,0
Cc1c(C)c2c(c(C)c1OC(=O)C(C)(C)Oc1ccc(Cl)cc1)CC[C@](C)(CCCC(C)CCCC(C)CCCC(C)C)O2,0
COC(=O)C1=C(C)NC(C)=C(C(=O)OCc2ccc(CN3CCCCC3)o2)[C@H]1c1ccccc1F,0
CCc1cc(=O)oc2cc(O[C@@H]3SC[C@@H](O)[C@H](O)[C@H]3O)ccc12,0
NS(=O)(=O)c1cc2c(cc1Cl)N[C@@H](C(Cl)(Cl)Cl)NS2(=O)=O,0
CC(=O)C1CCC2C3C=C(Cl)C4=CC(=O)C=C[C@@]4(C)C3CC[C@]12C,0
O=C(O)c1ccc2[nH]cc(CCCCN3CC=C(c4ccccc4)CC3)c2c1,0
Cc1nc2cc([C@H](c3ccccc3)n3ccnc3)ccc2[nH]1,0
CN1CCC[C@@H]1COC(=O)C(Oc1ccc(Cl)cc1)Oc1ccc(Cl)cc1,0
CCOC(=O)NNc1nncc2ccccc12,0
C#C[C@]1(OC(C)=O)CCC2C3CC=C4C=C(OC5CCCC5)CCC4C3CC[C@@]21C,0
C#C[C@]1(O)CCC2C3CCC4=CC(=O)CC[C@]4(C)C3CC[C@@]21C,0
CCC(/C=C/C(C)C1CCC2C3CC=C4CC(O)CC[C@]4(C)C3CC[C@]12C)C(C)C,0
O=C(c1cccnc1)N1CCOCC1,0
COC(=O)[C@@H]1[C@@H]2C[C@H]3c4[nH]c5ccc(OC)cc5c4CCN3C[C@@H]2C[C@H](OC(=O)c2cc(OC)c(OC)c(OC)c2)[C@H]1OC,0
CCCN(CCC)S(=O)(=O)c1ccc(C)cc1,0
CC(=O)O[C@]1(C(C)=O)CCC2C3CC(C)C4=CCCC[C@]4(C)C3CC[C@@]21C,0
O=c1oc(CCN2CCN(c3ccccc3)CC2)c(-c2ccc(F)cc2)o1,0
CCN1CCc2nc(N)oc2CC1,0
COC(=O)[C@H](CN)c1c[nH]c2ccc(OC)cc12,0
CC1=C(C)C(=O)C(CC[C@](C)(O)CCCC(C)CCCC(C)CCCC(C)C)=C(C)C1=O,0
CC(C)(CO)CCCCCCC(C)(C)CO,0
CC(C)(C)c1nnc(NS(=O)(=O)c2ccc(N)cc2)s1,0
O=C(NC1CCN(CCc2c[nH]c3ccccc23)CC1)c1ccccc1,0
O=CNc1ccc(S(=O)(=O)c2ccc(NC=O)cc2)cc1,0
COc1ccc2c(c1)c(-c1ccccc1)nc(=O)n2CC1CC1,0
CC(=O)[C@@]1(O)CCC2C3CCC4=CC(=O)CC[C@]4(C)C3CC[C@@]21C,0
CC(C)(Cc1c[nH]c2ccccc12)NC[C@H](O)COc1cccc2[nH]ccc12,0
Cc1ccc(S(=O)(=O)Oc2ccc(O)c(S(=O)(=O)O)c2)cc1,0
Cc1cc(C)cc(-c2c(O)c3ccccc3oc2=O)c1,0
CCOC(=O)c1cnc2n(c1=O)[C@@H](C)CC[C@H]2CC(=O)O,0
CN(C[C@@]1(C)CCCO1)S(=O)(=O)c1ccc(Cl)c(S(N)(=O)=O)c1,0
CC(C)(Oc1ccc(Cl)cc1)C(=O)N1CSC[C@H]1C(=O)O,0
CN(C)c1ccc(C2C[C@]3(C)C(CC[C@]3(O)CCCO)C3CCC4=CC(=O)CCC4=C23)cc1,0
CC(=O)[C@@]1(C)CCC2C3CCC4=CC(=O)CCC4=C3CC[C@@]21C,0
CCCCCCOC[C@H](O)COc1ccccc1C(=O)O,0
C[C@H]1C[C@@H](OC(=O)[C@@H]2CCC(=O)N2)CC(C)(C)C1,0
CCc1oc2ccccc2c1C(=O)c1cc(Br)c(O)c(Br)c1,0
CC(=O)C1CCC2C3CC=C4C=C(OC5CCCC5)CC[C@]4(C)C3CC[C@]12C,0
N=C(N)NCc1ccc2c(c1)OCCO2,0
O=C(O)C(Oc1ccc(Cl)cc1)Oc1ccc(Cl)cc1,0
O=C1C(O)=C(C2CCCCC2)C(=O)c2ccccc21,0
CCN(CC)CCN(CCN(CC)CC)c1cc(OC)c(OC)cc1Br,0
O=C(Cn1ccnc1[N+](=O)[O-])NCc1ccccc1,0
O=C(O)c1cc(Cl)c2c(c1O)CCC2,0
COC(=O)C1=C(C)NC(C)=C(C(=O)OC/C=C/c2ccccc2)[C@H]1c1cccc([N+](=O)[O-])c1,0
C[C@H](CS)C(=O)N1C[C@@H](Sc2ccccc2)C[C@H]1C(=O)O,0
NS(=O)(=O)c1cc(-c2nnn[nH]2)c(NCc2cccs2)cc1Cl,0
CCCCCCCCCCCCCC[C@]1(C(=O)OC)CO1,0
CC(=O)O[C@]1(C(C)=O)C(C)CC2C3C=C(Cl)C4=CC(=O)CC[C@]4(C)C3CC[C@@]21C,0
C=C[C@]1(O)CCC2C3CCC4=CC(=O)CCC4C3CC[C@@]21C,0
O=c1oc2ccccc2c(O)c1[C@@H](C[C@@H](O)c1ccc(Cl)cc1)c1ccc(Cl)s1,0
CCCC[C@H](O)c1cc(C(=O)O)ccc1O,0
N=C(N)NCCCC(N)=O,0
O=S(=O)(O)c1ccc(O)cc1O,0
CC(=O)OC1C=C2C(C)=CC3C(CC[C@@]4(C)C3CC[C@]4(OC(C)=O)C(C)=O)[C@@]2(C)CC1,0
Cn1c(=O)c2c(ncn2CCOC(=O)C(C)(C)Oc2ccc(Cl)cc2)n(C)c1=O,0
CC(C)C[C@@H](N)C(=O)N1CCC(n2nc(-c3ccc(Oc4ccccc4)cc3)c3c(N)ncnc32)CC1,1
CS(=O)(=O)N1CCC(n2nc(-c3ccc(Oc4ccccc4)cc3)c3c(N)ncnc32)CC1,1
CN(C)CC(=O)N1CCC[C@H](n2nc(-c3ccc(Oc4ccccc4)cc3)c3c(N)ncnc32)C1,1
CC(C)C[C@H](N)C(=O)N1CCC[C@@H](n2nc(-c3ccc(Oc4ccccc4)cc3)c3c(N)ncnc32)C1,1
CC[C@@H](C)[C@@H](N)C(=O)N1CCC[C@@H](n2nc(-c3ccc(Oc4ccccc4)cc3)c3c(N)ncnc32)C1,1
CC(C)[C@@H](N)C(=O)N1CCC[C@@H](n2nc(-c3ccc(Oc4ccccc4)cc3)c3c(N)ncnc32)C1,1
CC(C)C[C@@H](N)C(=O)N1CC[C@@H](n2nc(-c3ccc(Oc4ccccc4)cc3)c3c(N)ncnc32)C1,1
CC(C)(C)CC(=O)N1CCC[C@@H](n2nc(-c3ccc(Oc4ccccc4)cc3)c3c(N)ncnc32)C1,1
CN1CCC(C(=O)N2CCC[C@H](n3nc(-c4ccc(Oc5ccccc5)cc4)c4c(N)ncnc43)C2)CC1,1
CCC(C)(C)C(=O)N1CCC[C@H](n2nc(-c3ccc(Oc4ccccc4)cc3)c3c(N)ncnc32)C1,1
C[C@H](O)[C@H](N)C(=O)N1CCC[C@H](n2nc(-c3ccc(Oc4ccccc4)cc3)c3c(N)ncnc32)C1,1
CCS(=O)(=O)N1CCC[C@H](n2nc(-c3ccc(Oc4ccccc4)cc3)c3c(N)ncnc32)C1,1
CS(=O)(=O)N1CCC[C@H](n2nc(-c3ccc(Oc4ccccc4)cc3)c3c(N)ncnc32)C1,1
CCCS(=O)(=O)N1CCC[C@@H](n2nc(-c3ccc(Oc4ccccc4)cc3)c3c(N)ncnc32)C1,1
CN(C)CC(=O)N1CC[C@@H](n2nc(-c3ccc(Oc4ccccc4)cc3)c3c(N)ncnc32)C1,1
CS(=O)(=O)N1CC[C@H](n2nc(-c3ccc(Oc4ccccc4)cc3)c3c(N)ncnc32)C1,1
CN(C)CC(=O)N1CCC(n2nc(-c3ccc(Oc4ccccc4)cc3)c3c(N)ncnc32)CC1,1
C=CCCn1cc(-c2ccc(NC(=O)Nc3cc(C(C)(C)C)on3)cc2)c2c(N)ncnc21,1
CCN(CC)C(=O)n1cc(-c2ccc(NC(=O)Nc3cc(C(C)(C)C)on3)cc2)c2c(N)ncnc21,1
COCCn1cc(-c2ccc(NC(=O)Nc3cc(C(C)(C)C)on3)cc2)c2c(N)ncnc21,1
CC(C)(C)c1cc(NC(=O)Nc2ccc(-c3cn(CCCN4CCOCC4)c4ncnc(N)c34)cc2)no1,1
CCn1cc(-c2ccc(NC(=O)Nc3cc(C(C)(C)C)on3)cc2)c2c(N)ncnc21,1
C=CCCn1cc(-c2ccc(NC(=O)Nc3cc(C(C)(C)C)on3)c(F)c2)c2c(N)ncnc21,1
CCC#CCn1cc(-c2ccc(NC(=O)Nc3cc(C(C)(C)C)on3)cc2)c2c(N)ncnc21,1
CC(C)(C)c1cc(NC(=O)Nc2ccc(-c3cn(Cc4ccccc4)c4ncnc(N)c34)cc2)no1,1
CCOCCn1cc(-c2ccc(NC(=O)Nc3cc(C(C)(C)C)on3)cc2)c2c(N)ncnc21,1
CC(C)(C)c1cc(NC(=O)Nc2ccc(-c3c[nH]c4ncnc(N)c34)cc2F)no1,1
Cn1cc(-c2ccc(NC(=O)Nc3cc(C(C)(C)C)on3)cc2)c2c(N)ncnc21,1
CC(C)(C)c1cc(NC(=O)Nc2ccc(-c3cn(CCCCO)c4ncnc(N)c34)cc2)no1,1
C=C(C)Cn1cc(-c2ccc(NC(=O)Nc3cc(C(C)(C)C)on3)cc2)c2c(N)ncnc21,1
CC#CCn1cc(-c2ccc(NC(=O)Nc3cc(C(C)(C)C)on3)cc2)c2c(N)ncnc21,1
CCCCCCn1cc(-c2ccc(NC(=O)Nc3cc(C(C)(C)C)on3)cc2)c2c(N)ncnc21,1
COCCn1cc(-c2ccc(NC(=O)Nc3cc(C(C)(C)C)on3)c(F)c2)c2c(N)ncnc21,1
CC(C)(C)c1cc(NC(=O)Nc2ccc(-c3cn(C4CCCC4)c4ncnc(N)c34)cc2)no1,1
CC(C)(C)OC(=O)n1cc(-c2ccc(NC(=O)Nc3cc(C(C)(C)C)on3)cc2)c2c(N)ncnc21,1
CC(C)(C)c1cc(NC(=O)Nc2ccc(-c3c[nH]c4ncnc(N)c34)cc2)no1,1
C#CCn1cc(-c2ccc(NC(=O)Nc3cc(C(C)(C)C)on3)c(F)c2)c2c(N)ncnc21,1
CC(C)(C)c1cc(NC(=O)Nc2ccc(-c3cn(CCN4CCOCC4)c4ncnc(N)c34)cc2)no1,1
CN(C)CCn1cc(-c2ccc(NC(=O)Nc3cc(C(C)(C)C)on3)cc2)c2c(N)ncnc21,1
CC(C)(C)c1cc(NC(=O)Nc2ccc(-c3cn(CCC#N)c4ncnc(N)c34)cc2F)no1,1
CC(C)=CCn1cc(-c2ccc(NC(=O)Nc3cc(C(C)(C)C)on3)cc2)c2c(N)ncnc21,1
CC(C)(C)c1cc(NC(=O)Nc2ccc(-c3cn(CC#N)c4ncnc(N)c34)cc2F)no1,1
C#CCn1cc(-c2ccc(NC(=O)Nc3cc(C(C)(C)C)on3)cc2)c2c(N)ncnc21,1
C=CCCCn1cc(-c2ccc(NC(=O)Nc3cc(C(C)(C)C)on3)cc2)c2c(N)ncnc21,1
C=CCn1cc(-c2ccc(NC(=O)Nc3cc(C(C)(C)C)on3)c(F)c2)c2c(N)ncnc21,1
CC(C)(C)OC(=O)N1CCN(CCn2cc(-c3ccc(NC(=O)Nc4cc(C(C)(C)C)on4)cc3)c3c(N)ncnc32)CC1,1
CCCCn1cc(-c2ccc(NC(=O)Nc3cc(C(C)(C)C)on3)cc2)c2c(N)ncnc21,1
CCCn1cc(-c2ccc(NC(=O)Nc3cc(C(C)(C)C)on3)cc2)c2c(N)ncnc21,1
C=CCCCCn1cc(-c2ccc(NC(=O)Nc3cc(C(C)(C)C)on3)cc2)c2c(N)ncnc21,1
CC(C)(C)c1cc(NC(=O)Nc2ccc(-c3cn(CCN4CCNCC4)c4ncnc(N)c34)cc2)no1,1
CC(C)(C)c1cc(NC(=O)Nc2ccc(-c3cn(CC#N)c4ncnc(N)c34)cc2)no1,1
CCOCCn1cc(-c2ccc(NC(=O)Nc3cc(C(C)(C)C)on3)c(F)c2)c2c(N)ncnc21,1
CC(C)(C)c1cc(NC(=O)Nc2ccc(-c3cn(CCN4CCN(S(C)(=O)=O)CC4)c4ncnc(N)c34)cc2)no1,1
CC(C)(C)c1cc(NC(=O)Nc2ccc(-c3cn(CCC#N)c4ncnc(N)c34)cc2)no1,1
CC(C)n1cc(-c2ccc(NC(=O)Nc3cc(C(C)(C)C)on3)cc2)c2c(N)ncnc21,1
C=CCn1cc(-c2ccc(NC(=O)Nc3cc(C(C)(C)C)on3)cc2)c2c(N)ncnc21,1
CC(C)(C)c1cc(NC(=O)Nc2ccc(-c3cn4c(n3)sc3cc(OCCN5CCOCC5)ccc34)cc2)no1,1
Nc1ccn([C@@H]2O[C@H](CO)[C@@H](O)[C@@H]2O)c(=O)n1,1
CN1CC[C@H](c2c(O)cc(O)c3c(=O)cc(-c4ccccc4Cl)oc23)[C@H](O)C1,1
CO[C@@H](C(=O)N1Cc2[nH]nc(NC(=O)c3ccc(N4CCN(C)CC4)cc3)c2C1)c1ccccc1,1
CCCNC(=O)NS(=O)(=O)c1ccc(Cl)cc1,1
CC(=O)[C@@]1(O)CCC2C3CC(C)C4=CC(=O)C=C[C@]4(C)[C@@]3(F)C(O)C[C@@]21C,0
CCCC[C@@H](CC)COC(=O)c1ccccc1O,0
CC(C)NC[C@@H](O)COc1ccc(COCCOC(C)C)cc1,1
CCC(=O)O[C@]1(C(=O)COC(C)=O)CCC2C3CC(C)C4=CC(=O)C=C[C@]4(C)C3C(O)C[C@@]21C,0
CN(C)c1ccc(N)cc1,1
NC[C@H](O)c1ccc(O)c(O)c1,0
NC(N)=N/N=C/c1c(Cl)cccc1Cl,1
OC/C=C/c1ccccc1,0
O=C(O)c1ccccc1,0
